tool,kd,sv,gsv,tp,gtp,processed_in,operation,status,engine_group,
heic to jpg,28,"226,000",1070000,380000,964000,not_in_browser,convert,,image/heif,
webp to png,9,"193,000",1140000,86000,566000,,convert,,image/canvas,
mp4 to mp3,53,"156,000",934000,250000,1320000,,convert,,ffmpeg/video-audio,
webp to jpg,34,"121,000",1340000,122000,396000,,convert,,image/canvas,
mp4 to gif,47,"102,000",383000,246000,600000,,convert,,ffmpeg/video-audio,
png to pdf,16,"102,000",924000,128000,452000,,convert,,pdf/pdfjs,
pdf to png,7,"84,000",686000,125000,699000,,convert,,pdf/pdfjs,
video to gif,37,"75,000",259000,246000,600000,not_in_browser,convert,,ffmpeg/video-audio,
epub to pdf,31,"66,000",412000,48000,238000,,convert,,office/libreoffice,
png to jpg,50,"63,000",711000,92000,825000,,convert,,image/canvas,
m4a to mp3,28,"62,000",258000,41000,152000,,convert,,ffmpeg/video-audio,
mov to mp4,12,"52,000",292000,75000,264000,,convert,,ffmpeg/video-audio,
wav to mp3,16,"48,000",189000,27000,101000,,convert,,ffmpeg/video-audio,
heic to png,7,"42,000",163000,15000,75000,not_in_browser,convert,,image/heif,
mp3 to wav,12,"41,000",156000,65000,178000,,convert,,ffmpeg/video-audio,
docx to pdf,42,"40,000",335000,300000,6630000,,convert,,office/libreoffice,
jpeg to pdf,73,"39,000",723000,275000,11080000,,convert,,pdf/pdfjs,
jpg to png,39,"39,000",478000,31000,418000,,convert,,image/canvas,
png to svg,60,"39,000",226000,64000,182000,,convert,,image/canvas,
mkv to mp4,6,"38,000",192000,27000,117000,,convert,,ffmpeg/video-audio,
svg to png,23,"36,000",275000,27000,255000,,convert,,image/canvas,
doc to pdf,64,"35,000",464000,300000,6630000,,convert,,office/libreoffice,
pdf to jpeg,68,"35,000",531000,297000,6240000,,convert,,pdf/pdfjs,
webm to mp4,17,"35,000",173000,19000,107000,,convert,,ffmpeg/video-audio,
avif to jpg,9,"34,000",480000,18000,205000,,convert,,image/canvas,
image to pdf,64,"34,000",1880000,255000,10970000,,convert,,pdf/pdfjs,
gif to mp4,28,"33,000",117000,44000,116000,,convert,,ffmpeg/video-audio,
heic to pdf,2,"33,000",106000,21000,39000,not_in_browser,convert,,pdf/pdfjs,
webp to gif,7,"33,000",112000,43000,108000,,convert,,image/canvas,
jfif to jpg,4,"28,000",268000,28000,206000,,convert,,image/canvas,
avif to png,3,"27,000",226000,12000,94000,,convert,,image/canvas,
pdf to ppt,24,"27,000",611000,70000,1080000,,convert,,office/libreoffice,
png to ico,43,"27,000",182000,14000,96000,,convert,in-progress,image/canvas,
pdf to docx,35,"23,000",186000,31000,85000,,convert,,office/libreoffice,
m4a to wav,0,"19,000",60000,10000,31000,,convert,,ffmpeg/video-audio,
heic to jpeg,39,"18,000",76000,380000,963000,not_in_browser,convert,,image/heif,
mp3 to mp4,12,"17,000",69000,11000,54000,,convert,,ffmpeg/video-audio,
mp4 to wav,6,"17,000",66000,9300,33000,,convert,,ffmpeg/video-audio,
mov to mp3,3,"16,000",42000,14000,26000,,convert,,ffmpeg/video-audio,
mp3 to ogg,8,"16,000",48000,21000,37000,,convert,,ffmpeg/video-audio,
ogg to mp3,8,"14,000",102000,7000,47000,,convert,,ffmpeg/video-audio,
ppt to pdf,24,"13,000",542000,42000,906000,,convert,,office/libreoffice,
pptx to pdf,8,"13,000",168000,42000,906000,,convert,,office/libreoffice,
html to pdf,37,"12,000",119000,9400,71000,,convert,,pdf/toolkit,
mp4 to webm,7,"12,000",40000,2600,22000,,convert,,ffmpeg/video-audio,
pdf to epub,17,"12,000",91000,8200,53000,,convert,,office/libreoffice,
png to jpeg,21,"12,000",80000,92000,825000,,convert,onsite-verified,image/canvas,
rar to zip,66,"12,000",79000,15000,51000,,convert,,archive,
webp to jpeg,34,"10,000",74000,122000,396000,,convert,onsite-verified,image/canvas,
jpg to svg,57,"9,600",49000,8500,35000,,convert,,image/canvas,
pdf to text,60,"9,600",77000,24000,107000,,convert,,pdf/toolkit,
avi to mp4,11,"9,400",52000,7400,35000,,convert,,ffmpeg/video-audio,
gif to png,5,"9,400",36000,9700,27000,,convert,,image/canvas,
mp4 to mov,9,"9,400",50000,16000,57000,,convert,,ffmpeg/video-audio,
djvu to pdf,7,"8,400",62000,8200,36000,,convert,,pdf/toolkit,
epub to mobi,12,"8,200",53000,9500,44000,,convert,,unknown,
jpeg to png,42,"8,100",105000,9700,64000,,convert,,image/canvas,
flac to mp3,8,"7,600",28000,4800,14000,,convert,,ffmpeg/video-audio,
jpeg to jpg,46,"7,100",411000,12000,503000,,convert,,image/canvas,
mov to gif,12,"6,800",28000,7600,22000,,convert,,ffmpeg/video-audio,
png to webp,25,"6,600",175000,3800,104000,,convert,,image/canvas,
webm to gif,9,"6,600",20000,5500,14000,,convert,,ffmpeg/video-audio,
dds to png,0,"5,900",21000,1700,6500,,convert,in-progress,image/canvas,
pages to pdf,12,"5,900",56000,9500,61000,,convert,,pdf/toolkit,
jpg to webp,32,"5,400",114000,2700,60000,,convert,,image/canvas,
mkv to mp3,0,"5,200",20000,1700,7700,,convert,,ffmpeg/video-audio,
jfif to png,1,"5,100",55000,5300,24000,,convert,,image/canvas,
wmv to mp4,6,"5,100",31000,7000,28000,,convert,,ffmpeg/video-audio,
heif to jpg,1,"4,900",26000,2800,10000,,convert,,image/heif,
svg to jpg,6,"4,900",41000,4200,24000,,convert,,image/canvas,
png to gif,9,"4,200",21000,4800,16000,,convert,,image/canvas,
midi to mp3,7,"4,100",9600,4400,6500,,convert,,ffmpeg/video-audio,
pdf to csv,4,"4,100",21000,4400,15000,,convert,,pdf/toolkit,
word to jpg,41,"4,100",423000,9000,342000,,convert,in-progress,image/canvas,
jpeg to svg,61,"4,000",14000,25000,54000,,convert,onsite-verified,image/canvas,
mpeg to mp3,3,"4,000",55000,3100,32000,,convert,,ffmpeg/video-audio,
tiff to pdf,1,"4,000",58000,6500,66000,,convert,,pdf/pdfjs,
txt to pdf,5,"3,800",42000,4200,25000,,convert,,pdf/toolkit,
azw3 to pdf,5,"3,700",16000,3200,9500,,convert,,pdf/toolkit,
gif to jpg,11,"3,700",28000,2200,7800,,convert,,image/canvas,
odt to pdf,4,"3,600",46000,1700,8600,,convert,,office/libreoffice,
pdf to svg,22,"3,600",26000,3900,14000,,convert,,pdf/pdfjs,
pdf to txt,9,"3,600",18000,2300,11000,,convert,,pdf/toolkit,
png to dds,0,"3,600",21000,2300,11000,,convert,in-progress,image/canvas,
jpg to jpeg,7,"3,400",139000,3200,76000,,convert,onsite-verified,image/canvas,
tiff to jpg,2,"3,200",22000,3700,15000,,convert,,image/canvas,
webm to mp3,3,"3,200",14000,3400,9100,,convert,,ffmpeg/video-audio,
7z to zip,12,"3,100",10000,1500,4300,,convert,,archive,
rtf to pdf,3,"3,100",41000,2500,12000,,convert,,office/libreoffice,
svg to dxf,1,"3,100",11000,3300,7800,,convert,in-progress,image/canvas,
wma to mp3,4,"3,000",15000,4000,9300,,convert,,ffmpeg/video-audio,
m4a to mp4,1,"2,900",12000,3800,7200,,convert,,ffmpeg/video-audio,
mp3 to m4a,5,"2,900",11000,4100,9400,,convert,,ffmpeg/video-audio,
pages to word,6,"2,900",22000,5500,25000,,convert,,unknown,
pdf to html,17,"2,900",23000,2800,18000,,convert,,pdf/toolkit,
psd to png,5,"2,900",21000,3300,13000,,convert,in-progress,image/canvas,
epub to azw3,0,"2,800",9400,2600,6900,,convert,,unknown,
xlsx to pdf,34,"2,800",64000,16000,1450000,,convert,,office/libreoffice,
html to png,0,"2,700",17000,2800,8800,,convert,in-progress,image/canvas,
jpg to ico,7,"2,700",23000,2600,9600,,convert,in-progress,image/canvas,
wav to ogg,0,"2,700",5900,3000,3900,,convert,,ffmpeg/video-audio,
avif to jpeg,6,"2,600",36000,18000,203000,,convert,,image/canvas,
flv to mp4,7,"2,600",9800,4200,9400,,convert,,ffmpeg/video-audio,
hevc to mp4,3,"2,600",23000,2400,14000,,convert,,ffmpeg/video-audio,
mobi to pdf,5,"2,600",21000,1400,12000,,convert,,pdf/toolkit,
webp to pdf,0,"2,600",17000,1200,4900,,convert,,pdf/pdfjs,
xlsx to csv,3,"2,600",26000,1300,14000,,convert,,text/data,
csv to pdf,1,"2,500",18000,1900,8400,,convert,,pdf/toolkit,
eml to pdf,3,"2,500",24000,2500,18000,,convert,,pdf/toolkit,
eps to png,4,"2,500",14000,3400,9400,,convert,in-progress,image/canvas,
html to jpg,8,"2,500",37000,3900,38000,,convert,in-progress,image/canvas,
docx to doc,4,"2,400",18000,2900,12000,,convert,,unknown,
psd to jpg,6,"2,400",30000,2500,13000,,convert,in-progress,image/canvas,
cr2 to jpg,3,"2,300",20000,2700,13000,,convert,,image/raw,
svg to pdf,2,"2,300",21000,2100,9700,,convert,,pdf/pdfjs,
eps to svg,2,"2,200",24000,2800,18000,,convert,in-progress,image/canvas,
pdf to mobi,6,"2,200",21000,1700,8900,,convert,,pdf/toolkit,
tif to jpg,2,"2,200",22000,1500,12000,,convert,onsite-verified,image/canvas,
m4v to mp4,0,"2,100",8200,1800,5100,,convert,,ffmpeg/video-audio,
mov to wav,0,"2,100",4200,2100,2700,,convert,,ffmpeg/video-audio,
pdf to pdf,83,"2,000",115000,306000,18550000,,convert,,pdf/toolkit,
azw3 to epub,1,"1,900",7700,800,2600,,convert,,unknown,
dng to jpg,1,"1,900",15000,1400,3100,,convert,,image/raw,
ico to png,6,"1,900",12000,800,5500,,convert,,image/canvas,
mp4 to ogg,2,"1,900",6700,800,2100,,convert,,ffmpeg/video-audio,
mpeg to mp4,3,"1,900",21000,4600,18000,,convert,,ffmpeg/video-audio,
amr to mp3,3,"1,800",4400,2000,3600,,convert,,ffmpeg/video-audio,
mobi to epub,2,"1,800",15000,1900,8800,,convert,,unknown,
mpg to mp4,1,"1,800",13000,1300,7900,,convert,,ffmpeg/video-audio,
vob to mp4,10,"1,800",11000,1900,6200,,convert,,ffmpeg/video-audio,
aiff to mp3,4,"1,700",6800,1200,3300,,convert,,ffmpeg/video-audio,
cbr to pdf,3,"1,700",11000,900,3600,,convert,,pdf/toolkit,
jpg to text,67,"1,700",82000,4000,202000,,convert,in-progress,image/canvas,
mp3 to m4r,2,"1,700",5100,2300,3900,,convert,push,ffmpeg/video-audio,
nef to jpg,5,"1,700",11000,1700,8000,,convert,,image/raw,
ogg to wav,0,"1,700",12000,2200,5600,,convert,,ffmpeg/video-audio,
png to dxf,0,"1,700",17000,2100,11000,,convert,in-progress,image/canvas,
ai to png,1,"1,600",13000,2100,9100,,convert,,image/canvas,
pdf to tiff,1,"1,600",21000,1500,10000,,convert,,pdf/pdfjs,
png to text,60,"1,600",19000,123000,1440000,,convert,in-progress,image/canvas,
svg to ico,1,"1,600",16000,1500,9000,,convert,in-progress,image/canvas,
tif to png,1,"1,600",9200,3600,9800,,convert,onsite-verified,image/canvas,
webp to svg,0,"1,600",11000,800,2800,,convert,,image/canvas,
arw to jpg,5,"1,500",16000,1800,6200,,convert,,image/raw,
doc to jpg,7,"1,500",35000,1000,29000,,convert,in-progress,image/canvas,
jfif to jpeg,4,"1,500",16000,27000,209000,,convert,,image/canvas,
m4b to mp3,5,"1,500",4400,700,1800,,convert,,ffmpeg/video-audio,
mkv to mov,1,"1,500",4200,1100,2000,,convert,,ffmpeg/video-audio,
mp4 to wmv,2,"1,500",8600,2600,10000,,convert,,ffmpeg/video-audio,
png to bmp,4,"1,500",10000,2100,7700,,convert,in-progress,image/canvas,
tiff to png,3,"1,500",7700,3600,9800,,convert,,image/canvas,
ts to mp4,4,"1,500",14000,1400,13000,,convert,,ffmpeg/video-audio,
heif to pdf,1,"1,400",3800,600,1100,,convert,,pdf/pdfjs,
jpeg to webp,27,"1,400",25000,600,8500,,convert,,image/canvas,
opus to mp3,1,"1,400",31000,1000,14000,,convert,,ffmpeg/video-audio,
pages to docx,5,"1,400",6900,2000,5200,,convert,,unknown,
avi to gif,7,"1,300",4600,500,2400,,convert,,ffmpeg/video-audio,
bmp to png,2,"1,300",6100,1500,2900,,convert,,image/canvas,
flac to wav,2,"1,300",5800,1000,2400,,convert,,ffmpeg/video-audio,
jfif to pdf,1,"1,300",63000,700,22000,,convert,,pdf/pdfjs,
jpg to gif,10,"1,300",16000,900,13000,,convert,in-progress,image/canvas,
otf to ttf,7,"1,300",13000,1800,11000,,convert,,unknown,
pub to pdf,7,"1,300",4500,800,2300,,convert,,pdf/toolkit,
txt to csv,0,"1,300",7600,800,4100,,convert,,text/data,
xml to pdf,2,"1,300",31000,1200,13000,,convert,,pdf/toolkit,
aac to mp3,27,"1,200",28000,1200,14000,,convert,,ffmpeg/video-audio,
dxf to svg,0,"1,100",3800,600,900,,convert,in-progress,image/canvas,
gif to webm,4,"1,100",5900,1000,2500,,convert,,ffmpeg/video-audio,
jpeg to ico,1,"1,100",6300,1100,3600,,convert,in-progress,image/canvas,
pdf to xlsx,75,"1,100",11000,46000,140000,,convert,,office/libreoffice,
png to eps,0,"1,100",6300,2100,5800,,convert,in-progress,image/canvas,
tga to png,1,"1,100",4300,1100,1900,,convert,in-progress,image/canvas,
xps to pdf,4,"1,100",90000,700,35000,,convert,,pdf/toolkit,
3gp to mp4,2,"1,000",4400,1100,2700,,convert,,ffmpeg/video-audio,
bmp to jpg,0,"1,000",12000,1100,5400,,convert,,image/canvas,
cbz to pdf,3,"1,000",7000,700,3400,,convert,,pdf/toolkit,
flv to mp3,2,"1,000",6100,150,500,,convert,,ffmpeg/video-audio,
gif to webp,7,"1,000",8300,700,3400,,convert,,image/canvas,
jpg to dxf,2,"1,000",22000,2100,40000,,convert,in-progress,image/canvas,
m4p to mp3,3,"1,000",3200,18000,58000,,convert,push,ffmpeg/video-audio,
mts to mp4,5,"1,000",11000,900,7200,,convert,,ffmpeg/video-audio,
word to jpeg,2,"1,000",41000,2600,70000,,convert,in-progress,image/canvas,
csv to xlsx,3,900,17000,600,4600,,convert,,text/data,
epub to txt,1,900,5700,500,1300,,convert,,unknown,
heif to png,1,900,3200,450,1000,,convert,,image/heif,
mp4 to mkv,1,900,7000,900,5000,,convert,,ffmpeg/video-audio,
mxf to mp4,6,900,4700,700,2200,,convert,,ffmpeg/video-audio,
png to word,2,900,31000,700,9900,,convert,in-progress,image/canvas,
psd to pdf,3,900,16000,900,9800,,convert,,pdf/toolkit,
webp to ico,0,900,6100,400,1300,,convert,in-progress,image/canvas,
xls to csv,9,900,9100,1600,23000,,convert,,text/data,
aif to mp3,1,800,2400,400,900,,convert,,ffmpeg/video-audio,
avif to gif,0,800,3200,350,800,,convert,in-progress,image/canvas,
docx to jpg,,800,13000,,,,convert,in-progress,image/canvas,
eps to jpg,1,800,4900,1200,3700,,convert,in-progress,image/canvas,
htm to pdf,0,800,7800,1300,7300,,convert,,pdf/toolkit,
jpg to bmp,3,800,8400,1200,9700,,convert,in-progress,image/canvas,
mkv to gif,10,800,3800,350,1100,,convert,,ffmpeg/video-audio,
png to cur,0,800,4100,1300,2100,,convert,in-progress,image/canvas,
svg to eps,0,800,5900,800,3000,,convert,in-progress,image/canvas,
ttf to woff,3,800,8900,800,5700,,convert,,unknown,
ai to jpg,0,700,5800,1000,4500,,convert,in-progress,image/canvas,
ai to pdf,4,700,11000,1100,8400,,convert,,pdf/toolkit,
ai to svg,39,700,7700,1200,4900,,convert,,image/canvas,
apng to gif,3,700,2500,2000,6400,,convert,in-progress,image/canvas,
avi to mov,3,700,2200,1300,1800,,convert,,ffmpeg/video-audio,
dng to png,1,700,4600,300,1200,,convert,onsite-verified,image/raw,
doc to docx,2,700,6600,600,3400,,convert,,unknown,
dxf to pdf,1,700,7300,500,3100,,convert,,pdf/toolkit,
eps to pdf,0,700,7100,700,3800,,convert,,pdf/toolkit,
gif to mov,6,700,1900,600,1200,,convert,,ffmpeg/video-audio,
html to word,7,700,9100,450,5900,,convert,,unknown,
mov to webm,0,700,3500,800,1400,,convert,,ffmpeg/video-audio,
mp3 to aac,3,700,3700,1000,2300,,convert,,ffmpeg/video-audio,
mp3 to flac,1,700,3600,1300,2300,,convert,,ffmpeg/video-audio,
mp4 to m4a,1,700,3600,700,1700,,convert,,ffmpeg/video-audio,
otf to woff,4,700,4700,400,1900,,convert,,unknown,
png to tiff,0,700,4100,900,2000,,convert,in-progress,image/canvas,
svg to jpeg,8,700,4900,4200,24000,,convert,onsite-verified,image/canvas,
webm to mov,3,700,1900,400,600,,convert,,ffmpeg/video-audio,
webpage to jpg,33,700,7200,700,3200,,convert,in-progress,image/canvas,
woff to ttf,4,700,5800,450,3200,,convert,,unknown,
bmp to pdf,0,600,14000,500,11000,,convert,,pdf/pdfjs,
cr2 to png,1,600,4100,350,1500,,convert,onsite-verified,image/raw,
flac to alac,2,600,1400,300,500,,convert,push,ffmpeg/video-audio,
gif to pdf,1,600,5400,700,4300,,convert,,pdf/pdfjs,
heif to jpeg,1,600,1900,2800,11000,,convert,,image/heif,
jar to zip,0,600,1900,350,500,,convert,,archive,
jpg to tiff,4,600,6400,900,7200,,convert,in-progress,image/canvas,
mkv to wav,0,600,1800,250,450,,convert,,ffmpeg/video-audio,
pdf to eps,0,600,4900,700,2600,,convert,,pdf/toolkit,
ppt to jpg,6,600,33000,350,15000,,convert,in-progress,image/canvas,
rtf to txt,0,600,2200,300,700,,convert,,unknown,
swf to mp4,2,600,3300,1000,2700,,convert,,ffmpeg/video-audio,
wav to flac,1,600,2300,500,900,,convert,,ffmpeg/video-audio,
wav to m4a,0,600,1700,700,800,,convert,,ffmpeg/video-audio,
xcf to png,0,600,2700,450,1100,,convert,in-progress,image/canvas,
youtube to avi,3,600,4800,700,800,not_in_browser,convert,,ffmpeg/video-audio,
avchd to mp4,3,500,1800,200,250,,convert,push,ffmpeg/video-audio,
docx to png,0,500,3800,350,1400,,convert,in-progress,image/canvas,
html to jpeg,1,500,4100,150,2600,,convert,in-progress,image/canvas,
m4a to ogg,1,500,1400,500,700,,convert,,ffmpeg/video-audio,
mod to mp4,2,500,2500,450,900,,convert,,ffmpeg/video-audio,
pdf to rtf,1,500,4500,250,500,,convert,,office/libreoffice,
png to tga,0,500,3500,600,1200,,convert,in-progress,image/canvas,
ttf to otf,7,500,4200,700,2400,,convert,,unknown,
ttf to svg,0,500,1700,350,500,,convert,,image/canvas,
xls to xlsx,1,500,10000,600,6900,,convert,,unknown,
xlsx to xls,0,500,10000,500,7000,,convert,,unknown,
avi to mp3,1,450,2000,200,1300,,convert,,ffmpeg/video-audio,
avif to pdf,0,450,2500,200,500,,convert,,pdf/pdfjs,
heic to mp4,1,450,3300,250,900,not_in_browser,convert,,ffmpeg/video-audio,
jpeg to dxf,0,450,5400,500,3100,,convert,,image/canvas,
jpg to jpg,26,450,19000,12000,505000,,convert,,image/canvas,
mkv to avi,1,450,3900,250,1700,,convert,,ffmpeg/video-audio,
mp4 to mpeg,1,450,3900,1000,2800,,convert,,ffmpeg/video-audio,
odt to docx,1,450,4900,500,2200,,convert,,unknown,
png to ai,3,450,7000,1000,4300,,convert,,image/canvas,
ps to pdf,2,450,2600,500,1200,,convert,,pdf/toolkit,
txt to epub,1,450,3200,300,1400,,convert,,unknown,
aiff to wav,0,400,1400,200,400,,convert,,ffmpeg/video-audio,
arw to png,0,400,3800,200,1100,,convert,onsite-verified,image/raw,
caf to mp3,2,400,800,350,350,,convert,,ffmpeg/video-audio,
csv to txt,0,400,2200,250,800,,convert,,text/data,
doc to png,1,400,3300,400,4400,,convert,,image/canvas,
jpg to eps,3,400,3200,700,2600,,convert,in-progress,image/canvas,
jpg to heic,6,400,1400,90,350,not_in_browser,convert,,image/heif,
mp3 to opus,3,400,4500,100,400,,convert,,ffmpeg/video-audio,
oga to mp3,0,400,2200,500,900,,convert,,ffmpeg/video-audio,
oxps to pdf,2,400,8600,250,4100,,convert,,pdf/toolkit,
pdf to bmp,2,400,3100,250,500,,convert,,pdf/pdfjs,
pdf to gif,7,400,2300,350,900,,convert,,pdf/pdfjs,
pdf to psd,0,400,6100,250,3100,,convert,,pdf/toolkit,
png to epub,0,400,1600,350,450,,convert,,image/canvas,
png to psd,0,400,4100,250,1500,,convert,,image/canvas,
pptx to ppt,1,400,7700,300,4600,,convert,,unknown,
svg to webp,1,400,8200,,,,convert,,image/canvas,
tiff to jpeg,2,400,2600,3600,14000,,convert,onsite-verified,image/canvas,
zip to jar,0,400,1900,500,800,,convert,,archive,
avif to svg,0,350,2600,150,300,,convert,,image/canvas,
azw to pdf,0,350,1700,100,150,,convert,,pdf/toolkit,
cdr to svg,0,350,4700,200,1900,,convert,,image/canvas,
docx to epub,0,350,2100,70,500,,convert,,unknown,
epub to docx,0,350,3700,200,900,,convert,,unknown,
gif to jpeg,10,350,2600,1900,9100,,convert,onsite-verified,image/canvas,
html to csv,4,350,1600,600,1500,,convert,,text/data,
jpeg to gif,4,350,2800,500,1700,,convert,,image/canvas,
jpg to doc,6,350,7900,900,32000,,convert,,image/canvas,
midi to wav,0,350,800,200,250,,convert,,ffmpeg/video-audio,
mp3 to aiff,0,350,1100,350,500,,convert,,ffmpeg/video-audio,
mp4 to ogv,1,350,1700,200,300,,convert,,ffmpeg/video-audio,
pdf to azw3,2,350,3600,150,1300,,convert,,pdf/toolkit,
png to avif,0,350,4700,200,1300,,convert,push,image/canvas,
png to doc,1,350,2000,100,450,,convert,,image/canvas,
png to docx,0,350,1700,100,400,,convert,,image/canvas,
ppt to pptx,1,350,3000,350,1300,,convert,,unknown,
pptx to jpg,1,350,6900,200,3300,,convert,,image/canvas,
psd to jpeg,1,350,2400,2500,13000,,convert,in-progress,image/canvas,
rtf to docx,0,350,2400,300,800,,convert,,unknown,
woff to otf,0,350,2000,150,600,,convert,,unknown,
xcf to jpg,1,350,2300,250,700,,convert,,image/canvas,
3gp to mp3,1,300,1100,400,800,,convert,,ffmpeg/video-audio,
aifc to mp3,0,300,1200,350,450,,convert,,ffmpeg/video-audio,
asf to mp4,3,300,1500,250,500,,convert,,ffmpeg/video-audio,
cdr to pdf,1,300,35000,400,38000,,convert,,pdf/toolkit,
cur to png,0,300,1300,500,700,,convert,in-progress,image/canvas,
docx to txt,0,300,1900,150,400,,convert,,unknown,
epub to word,1,300,3000,150,600,,convert,,unknown,
gif to gif,82,300,1000,6600,20000,,convert,in-progress,image/canvas,
html to docx,6,300,2000,200,800,,convert,,unknown,
html to gif,0,300,1700,450,800,,convert,,image/canvas,
m4a to flac,0,300,1000,100,150,,convert,,ffmpeg/video-audio,
mp4 to flac,0,300,900,150,300,,convert,,ffmpeg/video-audio,
mpeg to wav,0,300,3600,200,1500,,convert,,ffmpeg/video-audio,
nef to png,2,300,2100,150,600,,convert,,image/raw,
ppsx to pdf,1,300,5900,150,2200,,convert,,pdf/toolkit,
ppt to ppm,0,300,1400,100,400,,convert,,unknown,
pptx to png,0,300,2500,150,700,,convert,,image/canvas,
psd to svg,0,300,2000,200,700,,convert,in-progress,image/canvas,
svg to ai,0,300,3600,350,1500,,convert,,image/canvas,
svg to gif,1,300,2200,150,600,,convert,in-progress,image/canvas,
webm to wav,0,300,700,150,200,,convert,,ffmpeg/video-audio,
wmv to mp3,1,300,1400,200,600,,convert,,ffmpeg/video-audio,
zip to rar,57,300,4300,200,2200,,convert,,archive,
aac to wav,1,250,3600,90,1300,,convert,,ffmpeg/video-audio,
avif to webp,0,250,7400,100,1800,,convert,,image/canvas,
cr2 to jpeg,4,250,1200,3100,14000,,convert,onsite-verified,image/raw,
cr3 to png,0,250,1600,100,300,,convert,onsite-verified,image/raw,
dcm to jpg,1,250,1900,300,600,,convert,,image/canvas,
djvu to epub,0,250,1900,150,450,,convert,,unknown,
dng to jpeg,1,250,1500,700,3800,,convert,onsite-verified,image/raw,
docx to html,12,250,1900,80,450,,convert,,unknown,
exr to png,0,250,1500,100,300,,convert,,image/canvas,
flac to m4a,0,250,600,200,200,,convert,,ffmpeg/video-audio,
jif to jpg,2,250,7400,200,3000,,convert,,image/canvas,
jpeg to tiff,1,250,2100,300,1800,,convert,in-progress,image/canvas,
jpg to avif,2,250,3800,200,2900,,convert,push,image/canvas,
jpg to docx,2,250,3700,150,2700,,convert,,image/canvas,
jpg to psd,0,250,5600,150,3500,,convert,,image/canvas,
jpg to txt,12,250,5600,150,2400,,convert,,image/canvas,
m4v to mp3,0,250,900,450,2100,,convert,,ffmpeg/video-audio,
mp4 to flv,3,250,1100,400,800,,convert,,ffmpeg/video-audio,
mp4 to mpg,0,250,2300,250,1200,,convert,,ffmpeg/video-audio,
mpv to mp4,0,250,1100,150,300,,convert,push,ffmpeg/video-audio,
pdf to odt,6,250,7000,250,1100,,convert,,office/libreoffice,
pdf to webp,0,250,3000,100,600,,convert,,pdf/pdfjs,
png to txt,2,250,2700,250,1200,,convert,,image/canvas,
ppt to png,1,250,4700,150,1900,,convert,,image/canvas,
rtf to word,1,250,5000,200,1700,,convert,,unknown,
tga to jpg,1,250,1100,300,350,,convert,in-progress,image/canvas,
txt to html,0,250,1100,100,350,,convert,,unknown,
wma to wav,0,250,900,300,450,,convert,,ffmpeg/video-audio,
wmv to mov,4,250,600,150,250,,convert,,ffmpeg/video-audio,
wps to pdf,33,250,18000,100,6700,,convert,,pdf/toolkit,
xml to html,2,250,1900,150,300,,convert,,text/data,
arw to jpeg,1,200,1600,1100,4600,,convert,onsite-verified,image/raw,
bin to png,0,200,1100,90,250,,convert,,image/canvas,
cdr to ai,4,200,8200,300,9400,,convert,,unknown,
csv to xls,6,200,3600,1600,32000,,convert,,text/data,
doc to epub,2,200,1500,450,1300,,convert,,unknown,
dxf to png,0,200,1000,100,150,,convert,,image/canvas,
fb2 to epub,1,200,3300,250,1000,,convert,,unknown,
gif to svg,0,200,1300,50,150,,convert,,image/canvas,
heic to webp,0,200,1800,70,150,not_in_browser,convert,,image/heif,
html to mp3,30,200,800,150,200,not_in_browser,convert,,ffmpeg/video-audio,
html to txt,1,200,1500,200,600,,convert,,unknown,
icns to png,0,200,1200,80,250,,convert,,image/canvas,
jp2 to jpg,0,200,1600,100,350,,convert,,image/canvas,
jpeg to bmp,0,200,1700,200,700,,convert,in-progress,image/canvas,
jpg to ai,4,200,4900,500,5500,,convert,,image/canvas,
jpg to dds,1,200,2300,100,700,,convert,in-progress,image/canvas,
m2ts to mp4,2,200,1100,200,350,,convert,,ffmpeg/video-audio,
m4a to m4r,0,200,500,300,300,,convert,push,ffmpeg/video-audio,
mp3 to wma,0,200,1400,300,800,,convert,,ffmpeg/video-audio,
mp4 to 3gp,3,200,2400,150,6800,,convert,,ffmpeg/video-audio,
mp4 to hevc,0,200,1300,70,350,,convert,,ffmpeg/video-audio,
mp4 to mp2,0,200,600,50,80,,convert,,ffmpeg/video-audio,
mp4 to mpeg2,0,200,600,200,250,,convert,,ffmpeg/video-audio,
mpeg to gif,16,200,600,90,150,,convert,,ffmpeg/video-audio,
mpg to mov,0,200,600,100,150,,convert,,ffmpeg/video-audio,
nef to jpeg,1,200,1200,1700,8000,,convert,,image/raw,
ogv to mp4,2,200,900,150,250,,convert,,ffmpeg/video-audio,
opus to wav,0,200,2200,80,450,,convert,,ffmpeg/video-audio,
pdf to heic,0,200,600,100,150,,convert,,pdf/pdfjs,
png to heic,0,200,600,70,80,not_in_browser,convert,,image/heif,
ppm to png,0,200,1200,90,250,,convert,,image/canvas,
ppsx to pptx,0,200,2800,100,1000,,convert,,unknown,
qt to mp4,0,200,800,300,450,,convert,,ffmpeg/video-audio,
svg to emf,1,200,1200,250,450,,convert,,image/canvas,
txt to docx,0,200,1400,150,450,,convert,,unknown,
website to html,33,200,450,150,300,,convert,,unknown,
wmv to gif,4,200,800,80,250,,convert,,ffmpeg/video-audio,
aac to mp4,0,150,1800,100,600,,convert,,ffmpeg/video-audio,
ai to jpeg,0,150,1000,80,250,,convert,in-progress,image/canvas,
amr to wav,0,150,350,100,100,,convert,,ffmpeg/video-audio,
av1 to mp4,5,150,2200,7300,38000,,convert,,ffmpeg/video-audio,
cdr to dxf,0,150,5200,60,2100,,convert,,unknown,
cdr to png,3,150,6400,60,5900,,convert,,image/canvas,
dds to jpg,5,150,1400,150,400,,convert,in-progress,image/canvas,
dng to pdf,0,150,1100,60,150,,convert,,pdf/toolkit,
doc to html,2,150,1400,4900,24000,,convert,,unknown,
doc to txt,2,150,800,100,350,,convert,,unknown,
docx to jpeg,1,150,1000,80,300,,convert,,image/canvas,
eml to html,0,150,1000,150,200,,convert,,unknown,
eps to dxf,0,150,1200,100,450,,convert,,unknown,
epub to html,0,150,600,60,70,,convert,,unknown,
flac to aac,0,150,400,70,80,,convert,,ffmpeg/video-audio,
flac to aiff,0,150,600,90,150,,convert,,ffmpeg/video-audio,
html to epub,2,150,600,90,150,,convert,,unknown,
html to svg,22,150,800,90,250,,convert,,image/canvas,
ico to svg,0,150,1100,80,300,,convert,,image/canvas,
jif to png,0,150,1300,150,700,,convert,,image/canvas,
jpg to tga,0,150,900,200,250,,convert,in-progress,image/canvas,
m4r to mp3,0,150,450,200,500,,convert,,ffmpeg/video-audio,
m4v to mov,1,150,250,100,100,,convert,,ffmpeg/video-audio,
mkv to webm,0,150,450,60,80,,convert,,ffmpeg/video-audio,
mov to m4a,0,150,250,70,80,,convert,,ffmpeg/video-audio,
mov to wmv,2,150,400,200,250,,convert,,ffmpeg/video-audio,
mp3 to webm,0,150,500,100,150,,convert,,ffmpeg/video-audio,
mp4 to m4r,0,150,400,90,100,,convert,push,ffmpeg/video-audio,
mp4 to m4v,0,150,800,80,100,,convert,,ffmpeg/video-audio,
mp4 to vob,0,150,600,250,350,,convert,,ffmpeg/video-audio,
mpeg to mov,0,150,450,100,100,,convert,,ffmpeg/video-audio,
mpg to gif,5,150,300,70,70,,convert,,ffmpeg/video-audio,
mts to mov,0,150,600,100,150,,convert,,ffmpeg/video-audio,
pdf to tif,2,150,1900,1500,10000,,convert,,pdf/pdfjs,
pptx to docx,0,150,1300,70,350,,convert,,unknown,
psd to ai,1,150,2200,100,900,,convert,,unknown,
raf to jpg,0,150,1400,70,250,,convert,,image/raw,
svg to html,11,150,1100,300,2000,,convert,,image/canvas,
txt to png,0,150,700,80,200,,convert,,image/canvas,
txt to word,0,150,4400,200,3300,,convert,,unknown,
vsd to pdf,0,150,1400,150,600,,convert,,pdf/toolkit,
wav to aiff,0,150,400,100,100,,convert,,ffmpeg/video-audio,
xlsx to txt,0,150,1000,50,150,,convert,,unknown,
3g2 to mp4,0,100,200,60,60,,convert,,ffmpeg/video-audio,1.762116992
ai to psd,0,100,2000,100,1400,,convert,,unknown,
avi to mkv,1,100,1600,150,500,,convert,,ffmpeg/video-audio,
avi to webm,1,100,300,90,100,,convert,,ffmpeg/video-audio,
bmp to jpeg,0,100,1300,50,300,,convert,onsite-verified,image/canvas,
caf to wav,0,100,250,50,50,,convert,,ffmpeg/video-audio,
cdr to jpg,3,100,9900,90,13000,,convert,,image/canvas,
cr3 to jpeg,0,100,600,500,3400,,convert,onsite-verified,image/raw,
dcm to pdf,0,100,700,50,50,,convert,,pdf/toolkit,
doc to jpeg,11,100,1900,2500,69000,,convert,,image/canvas,
dotx to pdf,0,100,600,40,90,,convert,,pdf/toolkit,
dxf to jpg,2,100,800,50,150,,convert,,image/canvas,
emf to pdf,0,100,500,40,50,,convert,,pdf/toolkit,
emf to png,0,100,600,50,60,,convert,,image/canvas,
eps to ai,2,100,1500,90,500,,convert,,unknown,
epub to doc,0,100,900,150,500,,convert,,unknown,
gif to avi,3,100,450,150,200,,convert,,ffmpeg/video-audio,
heic to gif,0,100,350,50,50,not_in_browser,convert,,image/heif,
heic to tiff,0,100,450,50,50,not_in_browser,convert,,image/heif,
hevc to mov,0,100,500,60,70,,convert,,ffmpeg/video-audio,
html to doc,4,100,800,250,1500,,convert,,unknown,
ico to jpg,0,100,900,70,150,,convert,,image/canvas,
jpeg to eps,0,100,800,150,300,,convert,in-progress,image/canvas,
m2ts to mkv,0,100,600,60,150,,convert,,ffmpeg/video-audio,
mov to mpeg,2,100,700,150,250,,convert,,ffmpeg/video-audio,
mov to mpg,0,100,300,90,90,,convert,,ffmpeg/video-audio,
mp4 to aac,0,100,700,80,200,,convert,,ffmpeg/video-audio,
mp4 to swf,3,100,600,150,250,,convert,,ffmpeg/video-audio,
odt to doc,1,100,1400,200,800,,convert,,unknown,
otf to svg,0,100,350,50,50,,convert,,image/canvas,
pdf to xps,0,100,400,20,60,,convert,,pdf/toolkit,
plt to pdf,0,100,1100,50,100,,convert,,pdf/toolkit,
png to hdr,0,100,600,70,350,,convert,,image/canvas,
ppm to jpg,0,100,1100,50,200,,convert,,image/canvas,
pps to pdf,0,100,700,40,200,,convert,,pdf/toolkit,
pptx to txt,0,100,500,70,150,,convert,,unknown,
rmvb to mp4,0,100,900,70,250,,convert,,ffmpeg/video-audio,
rtf to doc,0,100,600,90,300,,convert,,unknown,
rtf to html,1,100,300,80,100,,convert,,unknown,
svg to tiff,0,100,600,20,30,,convert,in-progress,image/canvas,
swf to gif,1,100,350,150,150,,convert,,ffmpeg/video-audio,
tar to zip,0,100,800,60,200,,convert,,archive,
tiff to svg,0,100,450,70,80,,convert,,image/canvas,
ttf to png,0,100,500,60,60,,convert,,image/canvas,
txt to doc,0,100,600,150,1500,,convert,,unknown,
txt to jpg,0,100,1200,150,800,,convert,,image/canvas,
txt to xlsx,2,100,900,350,8800,,convert,,unknown,
wav to aac,0,100,400,100,100,,convert,,ffmpeg/video-audio,
wav to m4r,0,100,200,80,80,,convert,push,ffmpeg/video-audio,
wmv to avi,0,100,350,60,70,,convert,,ffmpeg/video-audio,
xcf to pdf,0,100,700,70,150,,convert,,pdf/toolkit,
ai to eps,1,90,700,90,300,,convert,,unknown,
avi to wmv,1,90,300,150,150,,convert,,ffmpeg/video-audio,
bmp to ico,0,90,500,50,70,,convert,in-progress,image/canvas,
csv to html,4,90,600,60,150,,convert,,text/data,
eps to jpeg,1,90,600,1200,3700,,convert,in-progress,image/canvas,
flv to avi,1,90,300,90,90,,convert,,ffmpeg/video-audio,
gif to ico,1,90,600,30,100,,convert,in-progress,image/canvas,
jpeg to ai,0,90,1300,70,600,,convert,,image/canvas,
jpeg to doc,0,90,1000,400,14000,,convert,,image/canvas,
m4a to aiff,0,90,200,50,50,,convert,,ffmpeg/video-audio,
mp4 to opus,,90,450,,,,convert,,ffmpeg/video-audio,
mpg to avi,0,90,350,30,40,,convert,,ffmpeg/video-audio,
mxf to mov,0,90,250,70,70,,convert,,ffmpeg/video-audio,
ppt to doc,3,90,1200,1100,48000,,convert,,unknown,
svg to svg,55,90,800,150,1200,,convert,in-progress,image/canvas,
webm to avi,0,90,350,80,100,,convert,,ffmpeg/video-audio,
xlsx to jpg,0,90,2800,40,1600,,convert,,image/canvas,
avi to mpg,0,80,250,10,10,,convert,,ffmpeg/video-audio,
bin to jpg,0,80,2900,40,1200,,convert,,image/canvas,
bmp to svg,0,80,450,90,100,,convert,,image/canvas,
csv to png,0,80,450,40,40,,convert,,image/canvas,
dds to tga,0,80,350,70,80,,convert,,unknown,
f4v to mp4,1,80,300,60,70,,convert,,ffmpeg/video-audio,
fb2 to mobi,0,80,2200,40,450,,convert,,unknown,
gif to avif,0,80,450,30,30,,convert,push,image/canvas,
html to ppt,0,80,1300,60,350,,convert,,unknown,
icns to ico,0,80,500,40,70,,convert,,image/canvas,
jpg to hdr,0,80,800,80,2000,,convert,,image/canvas,
m4a to aac,0,80,350,50,50,,convert,,ffmpeg/video-audio,
mobi to azw3,0,80,700,30,100,,convert,,unknown,
mp4 to divx,0,80,700,70,200,,convert,,ffmpeg/video-audio,
ogg to m4a,0,80,450,30,70,,convert,,ffmpeg/video-audio,
orf to jpg,1,80,600,50,50,,convert,,image/raw,
ppt to html,3,80,500,30,150,,convert,,unknown,
psd to gif,0,80,350,40,50,,convert,in-progress,image/canvas,
rtf to csv,0,80,300,40,40,,convert,,text/data,
svg to ttf,0,80,500,40,60,,convert,,image/canvas,
wps to word,14,80,11000,200,4800,,convert,,unknown,
xls to jpg,3,80,2700,200,36000,,convert,,image/canvas,
xps to jpg,1,80,23000,80,7200,,convert,,image/canvas,
zip to 7z,1,80,250,40,40,,convert,,archive,
zip to tar,0,80,450,50,100,,convert,,archive,
3gp to mov,0,70,150,40,40,,convert,,ffmpeg/video-audio,
ai to dxf,0,70,900,100,250,,convert,,unknown,
avi to wav,0,70,200,50,50,,convert,,ffmpeg/video-audio,
cdr to eps,0,70,2200,40,1500,,convert,,unknown,
docx to rtf,0,70,450,80,150,,convert,,unknown,
dot to pdf,0,70,300,20,60,,convert,,pdf/toolkit,
eps to psd,0,70,2200,40,700,,convert,,unknown,
exr to jpg,1,70,600,30,100,,convert,,image/canvas,
jpeg to avif,2,70,800,250,4500,alias: jpg-to-avif,convert,onsite-verified,image/canvas,
jpeg to psd,0,70,1100,40,400,,convert,,image/canvas,
jpg to heif,0,70,450,30,30,,convert,,image/heif,
jxl to png,,70,300,,,,convert,,image/canvas,
mod to mov,0,70,150,50,50,,convert,,ffmpeg/video-audio,
mp2 to mp3,0,70,600,100,300,,convert,,ffmpeg/video-audio,
mp4 to mjpeg,0,70,250,70,70,,convert,,ffmpeg/video-audio,
mp4 to wma,0,70,350,50,60,,convert,,ffmpeg/video-audio,
mpeg2 to mp4,4,70,300,4600,18000,,convert,,ffmpeg/video-audio,
opus to m4a,0,70,500,30,40,,convert,,ffmpeg/video-audio,
png to rgb,0,70,250,30,30,,convert,,image/canvas,
ppt to docx,0,70,1000,10,250,,convert,,unknown,
rgba to rgb,64,70,300,60,100,,convert,,unknown,
rm to mp4,0,70,150,30,30,,convert,,ffmpeg/video-audio,
tiff to gif,0,70,250,40,40,,convert,in-progress,image/canvas,
avi to mpeg,3,60,350,60,60,,convert,,ffmpeg/video-audio,
csv to jpg,0,60,400,10,50,,convert,,image/canvas,
dcm to jpeg,0,60,250,30,40,,convert,,image/canvas,
divx to mp4,0,60,250,30,40,,convert,,ffmpeg/video-audio,
dst to pdf,0,60,300,40,90,,convert,,pdf/toolkit,
flv to mov,1,60,150,40,50,,convert,,ffmpeg/video-audio,
flv to wmv,0,60,150,80,80,,convert,,ffmpeg/video-audio,
gif to bmp,0,60,300,30,30,,convert,in-progress,image/canvas,
gif to tga,0,60,200,20,40,,convert,in-progress,image/canvas,
heic to svg,0,60,80,20,20,not_in_browser,convert,,image/heif,
html to rtf,0,60,150,60,60,,convert,,unknown,
html to xls,1,60,300,150,2700,,convert,,unknown,
jfif to ico,0,60,450,30,30,,convert,,image/canvas,
jpeg to heic,,60,450,,,not_in_browser,convert,,image/heif,
jpeg to jpeg,30,60,2000,12000,507000,,convert,in-progress,image/canvas,
mov to mkv,0,60,350,30,60,,convert,,ffmpeg/video-audio,
mp4 to aiff,0,60,150,30,90,,convert,,ffmpeg/video-audio,
mpeg to avi,1,60,200,50,50,,convert,,ffmpeg/video-audio,
mpg to mp3,0,60,800,60,250,,convert,,ffmpeg/video-audio,
odt to jpg,0,60,1100,30,150,,convert,,image/canvas,
ppsx to ppt,0,60,1600,30,1000,,convert,,unknown,
pptx to jpeg,1,60,600,200,3300,,convert,,image/canvas,
rgb to rgba,67,60,250,6500,39000,,convert,,unknown,
shn to mp3,0,60,70,40,40,,convert,,ffmpeg/video-audio,
swf to mov,0,60,90,30,30,,convert,,ffmpeg/video-audio,
vob to mkv,0,60,200,30,30,,convert,,ffmpeg/video-audio,
vob to mp3,0,60,200,30,30,,convert,,ffmpeg/video-audio,
ape to mp3,0,50,300,20,30,,convert,,ffmpeg/video-audio,
avif to ico,0,50,500,10,10,,convert,,image/canvas,
doc to tiff,0,50,150,40,200,,convert,,image/canvas,
docx to csv,0,50,300,30,50,,convert,,text/data,
docx to mobi,1,50,200,30,50,,convert,,unknown,
dotx to docx,0,50,250,20,20,,convert,,unknown,
dst to jpg,0,50,300,70,150,,convert,,image/canvas,
eps to tiff,2,50,150,20,20,,convert,in-progress,image/canvas,
gif to heic,0,50,100,10,10,,convert,,image/heif,
html to xlsx,1,50,600,30,100,,convert,,unknown,
jfif to webp,0,50,1000,20,200,,convert,,image/canvas,
jpg to ppm,0,50,200,20,20,,convert,,image/canvas,
m4a to wma,0,50,150,30,30,,convert,,ffmpeg/video-audio,
m4r to wav,0,50,100,30,30,,convert,,ffmpeg/video-audio,
m4v to avi,0,50,150,40,40,,convert,,ffmpeg/video-audio,
mov to flv,0,50,150,30,50,,convert,,ffmpeg/video-audio,
mp4 to av1,,50,250,,,,convert,push,ffmpeg/video-audio,
nef to tiff,0,50,100,20,20,,convert,,image/raw,
ogv to mp3,0,50,150,20,20,,convert,,ffmpeg/video-audio,
png to ppm,0,50,250,20,30,,convert,,image/canvas,
ppt to txt,1,50,600,80,600,,convert,,unknown,
ps to jpg,0,50,500,20,150,,convert,,image/canvas,
psd to eps,0,50,350,30,80,,convert,,unknown,
wav to wma,0,50,100,20,20,,convert,,ffmpeg/video-audio,
webm to mkv,2,50,200,20,30,,convert,,ffmpeg/video-audio,
wps to doc,22,50,200,90,1000,,convert,,unknown,
wps to docx,0,50,200,30,40,,convert,,unknown,
xlsx to docx,0,50,700,30,200,,convert,,unknown,
xlsx to png,0,50,500,20,20,,convert,,image/canvas,
aaf to mp4,0,40,60,20,20,,convert,,ffmpeg/video-audio,
ai to ai,54,40,150,600,2100,,convert,,unknown,
aiff to flac,0,40,100,10,10,,convert,,ffmpeg/video-audio,
arw to dng,0,40,300,3500,5700,,convert,,image/raw,
bmp to dxf,0,40,300,20,20,,convert,,image/canvas,
bmp to tiff,0,40,150,20,20,,convert,in-progress,image/canvas,
cr2 to tiff,0,40,100,10,10,,convert,onsite-verified,image/raw,
doc to mobi,0,40,400,30,100,,convert,,unknown,
doc to ppt,4,40,1600,600,6900,,convert,,unknown,
eps to emf,0,40,450,30,100,,convert,,unknown,
exr to hdr,0,40,450,30,70,,convert,,unknown,
gsm to mp3,0,40,1300,10,450,,convert,,ffmpeg/video-audio,
hdr to jpg,0,40,700,20,200,,convert,,image/canvas,
jfif to svg,0,40,150,10,10,,convert,,image/canvas,
jpg to cur,0,40,300,10,10,,convert,in-progress,image/canvas,
jps to pdf,69,40,200,249000,11240000,,convert,,pdf/toolkit,
mp3 to amr,0,40,500,20,150,,convert,push,ffmpeg/video-audio,
mp3 to mp2,0,40,250,30,60,,convert,,ffmpeg/video-audio,
mp4 to avchd,0,40,100,40,40,,convert,push,ffmpeg/video-audio,
mp4 to mxf,0,40,300,20,20,,convert,,ffmpeg/video-audio,
pcx to png,0,40,100,10,10,,convert,,image/canvas,
pgm to png,0,40,350,20,20,,convert,,image/canvas,
pps to ppt,0,40,500,20,200,,convert,,unknown,
rar to jar,0,40,250,20,20,,convert,,archive,
swf to avi,1,40,150,20,20,,convert,,ffmpeg/video-audio,
tgz to zip,0,40,250,20,50,,convert,,archive,
tiff to webp,,40,250,,,,convert,,image/canvas,
vob to avi,1,40,300,70,80,,convert,,ffmpeg/video-audio,
wmv to mpg,0,40,90,10,10,,convert,,ffmpeg/video-audio,
xls to doc,20,40,300,40,4300,,convert,,unknown,
xls to html,1,40,250,70,600,,convert,,unknown,
ape to flac,0,30,250,20,30,,convert,,ffmpeg/video-audio,
au to mp3,0,30,80,200,450,,convert,,ffmpeg/video-audio,
avif to tiff,,30,200,,,,convert,,image/canvas,
bmp to gif,0,30,100,10,10,,convert,in-progress,image/canvas,
dds to jpeg,1,30,150,10,20,,convert,in-progress,image/canvas,
dng to tiff,,30,100,,,,convert,onsite-verified,image/raw,
doc to rtf,0,30,400,20,400,,convert,,unknown,
doc to xls,4,30,300,150,6400,,convert,,unknown,
docx to pptx,0,30,700,20,200,,convert,,unknown,
docx to xlsx,0,30,500,20,100,,convert,,unknown,
dot to png,0,30,200,10,10,,convert,,image/canvas,
dst to png,0,30,100,100,100,,convert,,image/canvas,
gif to cur,0,30,100,40,40,,convert,in-progress,image/canvas,
gif to tiff,0,30,100,20,20,,convert,in-progress,image/canvas,
gif to wmv,0,30,90,20,30,,convert,,ffmpeg/video-audio,
html to psd,0,30,250,10,30,,convert,,unknown,
html to webp,,30,200,,,,convert,,image/canvas,
jif to jpeg,3,30,250,200,3000,,convert,,image/canvas,
jif to pdf,0,30,2300,10,350,,convert,,pdf/toolkit,
jpeg to tif,0,30,300,20,100,,convert,in-progress,image/canvas,
jpg to jfif,0,30,500,10,60,,convert,,image/canvas,
jpg to jxl,,30,90,,,,convert,,image/canvas,
mod to avi,0,30,100,10,10,,convert,,ffmpeg/video-audio,
mov to hevc,0,30,150,10,10,,convert,,ffmpeg/video-audio,
mov to m4v,0,30,80,10,10,,convert,,ffmpeg/video-audio,
mp3 to oga,1,30,150,10,10,,convert,push,ffmpeg/video-audio,
mp4 to ts,1,30,350,20,300,,convert,,ffmpeg/video-audio,
mpg to wmv,,30,50,,,,convert,,ffmpeg/video-audio,
otf to png,0,30,100,20,20,,convert,,image/canvas,
ppt to jpeg,10,30,1700,350,13000,,convert,,image/canvas,
pptx to doc,0,30,250,30,1100,,convert,,unknown,
ps to png,0,30,400,20,40,,convert,,image/canvas,
rm to mp3,0,30,150,20,20,,convert,,ffmpeg/video-audio,
swf to flv,0,30,50,20,20,,convert,,ffmpeg/video-audio,
tiff to eps,0,30,150,20,20,,convert,in-progress,image/canvas,
txt to jpeg,0,30,200,20,70,,convert,,image/canvas,
txt to svg,0,30,200,60,100,,convert,,image/canvas,
vob to mov,0,30,90,40,40,,convert,,ffmpeg/video-audio,
wav to opus,,30,100,,,,convert,,ffmpeg/video-audio,
wma to m4a,0,30,100,20,20,,convert,,ffmpeg/video-audio,
wpg to jpg,0,30,300,20,60,,convert,,image/canvas,
xcf to svg,0,30,150,20,20,,convert,,image/canvas,
xlsx to html,0,30,200,10,20,,convert,,unknown,
aac to flac,0,20,80,10,10,,convert,,ffmpeg/video-audio,
ai to tiff,,20,90,,,,convert,in-progress,image/canvas,
aiff to m4a,,20,40,,,,convert,,ffmpeg/video-audio,
avi to m4v,0,20,60,10,10,,convert,,ffmpeg/video-audio,
avif to bmp,,20,150,,,,convert,,image/canvas,
bin to jpeg,,20,200,,,,convert,,image/canvas,
bmp to dds,0,20,150,10,10,,convert,in-progress,image/canvas,
cdr to jpeg,,20,600,,,,convert,,image/canvas,
cr2 to pdf,,20,50,,,,convert,,pdf/toolkit,
dng to heic,,20,80,,,,convert,,image/heif,
doc to csv,0,20,150,70,300,,convert,,text/data,
docx to ppt,,20,1300,,,,convert,,unknown,
dst to svg,,20,20,,,,convert,,image/canvas,
dts to ac3,0,20,200,20,20,,convert,,unknown,
dv to mp4,0,20,80,10,10,,convert,,ffmpeg/video-audio,
gif to heif,,20,60,,,,convert,,image/heif,
gif to psd,,20,60,,,,convert,,image/canvas,
gif to swf,0,20,150,10,10,,convert,,ffmpeg/video-audio,
heic to psd,,20,100,,,not_in_browser,convert,,image/heif,
jp2 to jpeg,0,20,90,100,350,,convert,,image/canvas,
jpeg to tga,0,20,150,200,250,,convert,in-progress,image/canvas,
jpg to plt,0,20,2400,10,1400,,convert,,image/canvas,
jpg to rgb,0,20,200,30,30,,convert,,image/canvas,
ktx to png,0,20,150,10,10,,convert,,image/canvas,
m2v to mp4,0,20,150,10,10,,convert,,ffmpeg/video-audio,
mac to png,,20,30,,,,convert,,image/canvas,
mjpeg to mp4,,20,90,,,,convert,,ffmpeg/video-audio,
mkv to wmv,0,20,90,20,20,,convert,,ffmpeg/video-audio,
mp3 to caf,,20,150,,,,convert,push,ffmpeg/video-audio,
mp3 to cdda,,20,70,,,,convert,push,ffmpeg/video-audio,
mp4 to asf,0,20,100,10,10,,convert,,ffmpeg/video-audio,
mp4 to mts,0,20,150,10,30,,convert,,ffmpeg/video-audio,
pcd to jpg,0,20,80,10,10,,convert,,image/canvas,
pdf to djvu,30,20,400,10,100,,convert,,pdf/toolkit,
ppm to ppm,,20,60,,,,convert,,unknown,
psd to webp,,20,350,,,,convert,in-progress,image/canvas,
raf to jpeg,0,20,200,80,250,,convert,,image/raw,
tif to tiff,0,20,150,10,10,,convert,in-progress,image/canvas,
tif to webp,,20,150,,,,convert,onsite-verified,image/canvas,
tiff to doc,0,20,60,10,350,,convert,,image/canvas,
ts to mkv,0,20,200,10,10,,convert,,ffmpeg/video-audio,
txt to rtf,0,20,80,10,10,,convert,,unknown,
txt to xls,3,20,200,10,150,,convert,,unknown,
vob to mpeg,1,20,70,10,10,,convert,,ffmpeg/video-audio,
vob to mpg,0,20,70,40,40,,convert,,ffmpeg/video-audio,
webp to psd,,20,350,,,,convert,,image/canvas,
wma to flac,,20,50,,,,convert,,ffmpeg/video-audio,
wmv to mpeg,1,20,80,20,20,,convert,,ffmpeg/video-audio,
xcf to jpeg,0,20,100,250,700,,convert,,image/canvas,
xls to txt,0,20,150,50,600,,convert,,unknown,
xlsx to doc,0,20,200,30,800,,convert,,unknown,
xps to doc,0,20,100,20,700,,convert,,unknown,
xps to xls,,20,100,,,,convert,,unknown,
xps to xlsx,,20,80,,,,convert,,unknown,
zip to tgz,0,20,100,10,20,,convert,,archive,
ai to gif,,10,60,,,,convert,in-progress,image/canvas,
arw to pdf,,10,50,,,,convert,,pdf/toolkit,
arw to tiff,,10,80,,,,convert,onsite-verified,image/raw,
avi to flv,0,10,70,10,20,,convert,,ffmpeg/video-audio,
avi to mjpeg,,10,20,,,,convert,,ffmpeg/video-audio,
avi to mpeg2,,10,20,,,,convert,,ffmpeg/video-audio,
avi to vob,0,10,40,10,10,,convert,,ffmpeg/video-audio,
avif to eps,,10,70,,,,convert,,image/canvas,
avif to heic,,10,20,,,,convert,,image/heif,
avif to heif,,10,10,,,,convert,,image/heif,
bmp to eps,,10,30,,,,convert,in-progress,image/canvas,
bmp to tga,,10,90,,,,convert,in-progress,image/canvas,
bmp to tif,,10,20,,,,convert,in-progress,image/canvas,
bmp to webp,,10,60,,,,convert,,image/canvas,
bmp to xbm,,10,40,,,,convert,,image/canvas,
cr2 to dng,0,10,150,3600,5400,,convert,,image/raw,
cr3 to dng,0,10,60,3600,5700,,convert,,image/raw,
cr3 to pdf,,10,20,,,,convert,,pdf/toolkit,
cr3 to tiff,,10,60,,,,convert,onsite-verified,image/raw,
crw to jpg,,10,50,,,,convert,,image/canvas,
cur to gif,,10,20,,,,convert,in-progress,image/canvas,
doc to pptx,,10,200,,,,convert,,unknown,
doc to svg,0,10,50,20,20,,convert,,image/canvas,
doc to xlsx,,10,250,,,,convert,,unknown,
docx to dotx,,10,30,,,,convert,,unknown,
docx to svg,,10,70,,,,convert,,image/canvas,
docx to tiff,,10,50,,,,convert,,image/canvas,
dss to mp3,0,10,50,10,40,,convert,,ffmpeg/video-audio,
dst to jpeg,,10,30,,,,convert,,image/canvas,
dxf to ai,0,10,450,10,20,,convert,,unknown,
eps to ico,,10,40,,,,convert,in-progress,image/canvas,
eps to webp,,10,60,,,,convert,in-progress,image/canvas,
epub to fb2,,10,700,,,,convert,,unknown,
exr to jpeg,,10,70,,,,convert,,image/canvas,
flac to wma,,10,60,,,,convert,,ffmpeg/video-audio,
flv to mpeg,1,10,40,0,0,,convert,,ffmpeg/video-audio,
flv to swf,,10,30,,,,convert,,ffmpeg/video-audio,
gif to jxl,,10,10,,,,convert,,image/canvas,
gif to mkv,,10,40,,,,convert,,ffmpeg/video-audio,
gif to tif,,10,10,,,,convert,in-progress,image/canvas,
hdr to jpeg,,10,70,,,,convert,,image/canvas,
heic to ico,,10,20,,,not_in_browser,convert,,image/heif,
heic to tif,,10,40,,,not_in_browser,convert,,image/heif,
heif to tiff,,10,10,,,,convert,,image/heif,
heif to webp,,10,30,,,,convert,,image/heif,
icns to svg,,10,50,,,,convert,,image/canvas,
ico to pdf,,10,20,,,,convert,,pdf/pdfjs,
ico to tga,,10,40,,,,convert,in-progress,image/canvas,
ico to webp,,10,100,,,,convert,,image/canvas,
jpeg to hdr,0,10,150,10,20,,convert,,image/canvas,
jpeg to jxl,,10,10,,,,convert,,image/canvas,
jpeg to ppm,0,10,30,0,0,,convert,,image/canvas,
jpeg to rgb,,10,40,,,,convert,,image/canvas,
jpg to pbm,,10,40,,,,convert,,image/canvas,
jpg to pcx,0,10,70,,,,convert,,image/canvas,
jpg to pgm,0,10,90,0,0,,convert,,image/canvas,
ktx2 to png,,10,90,,,,convert,,image/canvas,
mkv to ts,,10,30,,,,convert,,ffmpeg/video-audio,
mov to mjpeg,,10,20,,,,convert,,ffmpeg/video-audio,
mov to mxf,,10,50,,,,convert,,ffmpeg/video-audio,
mov to vob,,10,10,,,,convert,,ffmpeg/video-audio,
mp3 to au,,10,30,,,,convert,push,ffmpeg/video-audio,
mp4 to amr,,10,100,,,,convert,push,ffmpeg/video-audio,
mp4 to f4v,,10,30,,,,convert,,ffmpeg/video-audio,
mp4 to m2ts,,10,20,,,,convert,,ffmpeg/video-audio,
mp4 to rm,,10,20,,,,convert,,ffmpeg/video-audio,
mp4 to rmvb,0,10,70,10,20,,convert,,ffmpeg/video-audio,
mpeg to wmv,,10,30,,,,convert,,ffmpeg/video-audio,
nef to pdf,,10,70,,,,convert,,pdf/toolkit,
orf to jpeg,,10,30,,,,convert,,image/raw,
orf to png,,10,70,,,,convert,,image/raw,
pbm to png,,10,30,,,,convert,,image/canvas,
pcx to jpg,,10,60,,,,convert,,image/canvas,
pdf to ppm,0,10,50,30,,,convert,,pdf/toolkit,
pdf to rgb,,10,50,,,,convert,,pdf/toolkit,
pdf to tga,,10,20,,,,convert,,pdf/toolkit,
pes to jpg,,10,20,,,,convert,,image/canvas,
pes to png,,10,30,,,,convert,,image/canvas,
pes to svg,,10,20,,,,convert,,image/canvas,
png to xbm,,10,90,,,,convert,,image/canvas,
pptx to ppsx,,10,200,,,,convert,,unknown,
ps to eps,,10,40,,,,convert,,unknown,
ra to mp3,,10,20,,,,convert,,ffmpeg/video-audio,
rtf to xls,0,10,50,30,50,,convert,,unknown,
rtf to xlsx,,10,50,,,,convert,,unknown,
shn to flac,0,10,20,20,20,,convert,,ffmpeg/video-audio,
svg to otf,,10,50,,,,convert,,image/canvas,
svg to tga,,10,20,,,,convert,in-progress,image/canvas,
svg to tif,,10,50,,,,convert,in-progress,image/canvas,
txt to ppt,,10,150,,,,convert,,unknown,
wav to amr,,10,20,,,,convert,push,ffmpeg/video-audio,
webp to webp,,10,150,,,,convert,in-progress,image/canvas,
wma to aiff,0,10,10,,,,convert,,ffmpeg/video-audio,
wmf to pdf,0,10,100,0,0,,convert,,pdf/toolkit,
wmv to mkv,,10,40,,,,convert,,ffmpeg/video-audio,
wpg to jpeg,,10,20,,,,convert,,image/canvas,
wtv to mp4,,10,10,,,,convert,,ffmpeg/video-audio,
xls to docx,,10,150,,,,convert,,unknown,
xls to png,,10,200,,,,convert,,image/canvas,
xps to docx,,10,40,,,,convert,,unknown,
xps to jpeg,1,10,700,80,7200,,convert,,image/canvas,
7z to jar,,,,,,,convert,,archive,
ac3 to dts,,,10,,,,convert,,ffmpeg/audio,
ai to arw,,,,,,,convert,,image/raw,
ai to avif,,,,,,,convert,,image/vector,
ai to bmp,,,20,,,,convert,in-progress,image/vector,
ai to cr2,,,,,,,convert,,image/raw,
ai to cr3,,,,,,,convert,,image/raw,
ai to cur,,,,,,,convert,in-progress,image/vector,
ai to dds,,,,,,,convert,in-progress,image/vector,
ai to dng,,,,,,,convert,,image/raw,
ai to fig,,,30,,,,convert,,image/vector,
ai to heic,,,,,,,convert,,image/vector,
ai to heif,,,,,,,convert,,image/vector,
ai to icns,,,,,,,convert,push,image/vector,
ai to ico,,,30,,,,convert,in-progress,image/vector,
ai to jfif,,,,,,,convert,push,image/vector,
ai to jif,,,,,,,convert,push,image/vector,
ai to jxl,,,,,,,convert,,image/vector,
ai to ktx,,,,,,,convert,push,image/vector,
ai to ktx2,,,,,,,convert,push,image/vector,
ai to nef,,,,,,,convert,push,image/raw,
ai to orf,,,,,,,convert,push,image/raw,
ai to pam,,,,,,,convert,push,image/vector,
ai to pbm,,,,,,,convert,push,image/vector,
ai to pcx,,,,,,,convert,push,image/vector,
ai to pgm,,,,,,,convert,push,image/vector,
ai to ppm,,,,,,,convert,push,image/vector,
ai to raf,,,,,,,convert,push,image/raw,
ai to rw2,,,,,,,convert,push,image/vector,
ai to tga,,,,,,,convert,in-progress,image/vector,
ai to tif,,,,,,,convert,in-progress,image/vector,
ai to webp,,,10,,,,convert,in-progress,image/vector,
ai to xbm,,,,,,,convert,push,image/vector,
arw to arw,,,,,,,convert,push,image/raw,
arw to avif,,,,,,,convert,push,image/raw,
arw to bmp,0,,,,,,convert,onsite-verified,image/raw,
arw to cr2,,,20,,,,convert,,image/raw,
arw to cr3,,,,,,,convert,push,image/raw,
arw to cur,,,,,,,convert,push,image/raw,
arw to dds,,,,,,,convert,push,image/raw,
arw to eps,,,,,,,convert,push,image/raw,
arw to gif,,,,,,,convert,onsite-verified,image/raw,
arw to heic,,,10,,,,convert,,image/raw,
arw to heif,,,,,,,convert,push,image/raw,
arw to icns,,,,,,,convert,push,image/raw,
arw to ico,,,,,,,convert,push,image/raw,
arw to jfif,,,,,,,convert,push,image/raw,
arw to jif,,,,,,,convert,push,image/raw,
arw to jxl,,,,,,,convert,push,image/raw,
arw to ktx,,,,,,,convert,push,image/raw,
arw to ktx2,,,,,,,convert,push,image/raw,
arw to map,,,,,,,convert,push,image/raw,
arw to nef,,,,,,,convert,,image/raw,
arw to orf,,,,,,,convert,push,image/raw,
arw to pam,,,,,,,convert,push,image/raw,
arw to pbm,,,,,,,convert,push,image/raw,
arw to pcx,,,,,,,convert,push,image/raw,
arw to pgm,,,,,,,convert,,image/raw,
arw to ppm,,,,,,,convert,push,image/raw,
arw to raf,,,,,,,convert,push,image/raw,
arw to rw2,,,,,,,convert,push,image/raw,
arw to svg,,,,,,,convert,,image/raw,
arw to tga,,,,,,,convert,push,image/raw,
arw to tif,,,,,,,convert,onsite-verified,image/raw,
arw to webp,,,30,,,,convert,onsite-verified,image/raw,
arw to xbm,,,,,,,convert,,image/raw,
avif to avif,,,,,,,convert,,image/canvas,
avif to cr2,,,,,,,convert,,image/raw,
avif to cr3,,,,,,,convert,,image/raw,
avif to cur,,,,,,,convert,,image/canvas,
avif to dds,,,30,,,,convert,,image/canvas,
avif to dng,,,,,,,convert,,image/raw,
avif to icns,,,,,,,convert,,image/canvas,
avif to jfif,,,,,,,convert,,image/canvas,
avif to jif,,,,,,,convert,,image/canvas,
avif to jxl,,,,,,,convert,,image/canvas,
avif to ktx,,,,,,,convert,,image/canvas,
avif to ktx2,,,,,,,convert,,image/canvas,
avif to nef,,,,,,,convert,,image/raw,
avif to orf,,,,,,,convert,,image/raw,
avif to pam,,,,,,,convert,,image/canvas,
avif to pbm,,,,,,,convert,,image/canvas,
avif to pcx,,,,,,,convert,,image/canvas,
avif to pgm,,,,,,,convert,,image/canvas,
avif to ppm,,,,,,,convert,,image/canvas,
avif to raf,,,,,,,convert,,image/raw,
avif to rw2,,,,,,,convert,,image/canvas,
avif to tga,,,,,,,convert,,image/canvas,
avif to tif,,,10,,,,convert,,image/canvas,
avif to xbm,,,,,,,convert,,image/canvas,
bmp to bmp,,,10,,,,convert,in-progress,image/canvas,
bmp to cr2,,,,,,,convert,,image/raw,
bmp to cr3,,,,,,,convert,,image/raw,
bmp to cur,,,,,,,convert,in-progress,image/canvas,
bmp to dng,,,,,,,convert,,image/raw,
bmp to heic,,,,,,,convert,,image/canvas,
bmp to heif,,,,,,,convert,,image/canvas,
bmp to icns,,,,,,,convert,,image/canvas,
bmp to jfif,,,,,,,convert,,image/canvas,
bmp to jif,,,,,,,convert,,image/canvas,
bmp to jxl,,,,,,,convert,,image/canvas,
bmp to ktx,,,,,,,convert,,image/canvas,
bmp to ktx2,,,,,,,convert,,image/canvas,
bmp to nef,,,,,,,convert,,image/raw,
bmp to orf,,,,,,,convert,,image/raw,
bmp to pam,,,,,,,convert,,image/canvas,
bmp to pbm,,,,,,,convert,,image/canvas,
bmp to pcx,,,30,,,,convert,,image/canvas,
bmp to pgm,,,10,,,,convert,,image/canvas,
bmp to ppm,,,20,,,,convert,,image/canvas,
bmp to raf,,,,,,,convert,,image/raw,
bmp to rw2,,,,,,,convert,,image/canvas,
cdda to flac,,,,,,,convert,,ffmpeg/audio,
cdda to mp3,,,20,,,,convert,,ffmpeg/audio,
cdda to wav,,,,,,,convert,,ffmpeg/audio,
cdr to doc,,,60,,,,convert,,office/libreoffice,
cr2 to cr2,,,,,,,convert,,image/raw,
cr2 to cr3,,,,,,,convert,,image/raw,
cr2 to cur,,,,,,,convert,,image/raw,
cr2 to dds,,,,,,,convert,,image/raw,
cr2 to eps,,,,,,,convert,,image/raw,
cr2 to gif,,,,,,,convert,onsite-verified,image/raw,
cr2 to heic,,,10,,,,convert,,image/raw,
cr2 to heif,,,,,,,convert,,image/raw,
cr2 to icns,,,,,,,convert,,image/raw,
cr2 to ico,,,,,,,convert,,image/raw,
cr2 to jfif,,,,,,,convert,,image/raw,
cr2 to jif,,,,,,,convert,,image/raw,
cr2 to jxl,,,,,,,convert,,image/raw,
cr2 to ktx,,,,,,,convert,,image/raw,
cr2 to ktx2,,,,,,,convert,,image/raw,
cr2 to nef,,,,,,,convert,,image/raw,
cr2 to orf,,,,,,,convert,,image/raw,
cr2 to pam,,,,,,,convert,,image/raw,
cr2 to pbm,,,,,,,convert,,image/raw,
cr2 to pcx,,,,,,,convert,,image/raw,
cr2 to pgm,,,,,,,convert,,image/raw,
cr2 to ppm,,,,,,,convert,,image/raw,
cr2 to raf,,,,,,,convert,,image/raw,
cr2 to rw2,,,,,,,convert,,image/raw,
cr2 to svg,,,,,,,convert,,image/raw,
cr2 to tga,,,,,,,convert,,image/raw,
cr2 to tif,,,,,,,convert,onsite-verified,image/raw,
cr2 to webp,,,30,,,,convert,onsite-verified,image/raw,
cr2 to xbm,,,,,,,convert,,image/raw,
cr3 to cr3,,,,,,,convert,,image/raw,
cr3 to cur,,,,,,,convert,,image/raw,
cr3 to dds,,,,,,,convert,,image/raw,
cr3 to eps,,,,,,,convert,,image/raw,
cr3 to gif,,,,,,,convert,onsite-verified,image/raw,
cr3 to heic,,,,,,,convert,,image/raw,
cr3 to heif,,,,,,,convert,,image/raw,
cr3 to icns,,,,,,,convert,,image/raw,
cr3 to ico,,,,,,,convert,,image/raw,
cr3 to jfif,,,,,,,convert,,image/raw,
cr3 to jif,,,,,,,convert,,image/raw,
cr3 to jxl,,,,,,,convert,,image/raw,
cr3 to ktx,,,,,,,convert,,image/raw,
cr3 to ktx2,,,,,,,convert,,image/raw,
cr3 to nef,,,,,,,convert,,image/raw,
cr3 to orf,,,,,,,convert,,image/raw,
cr3 to pam,,,,,,,convert,,image/raw,
cr3 to pbm,,,,,,,convert,,image/raw,
cr3 to pcx,,,,,,,convert,,image/raw,
cr3 to pgm,,,,,,,convert,,image/raw,
cr3 to ppm,,,,,,,convert,,image/raw,
cr3 to raf,,,,,,,convert,,image/raw,
cr3 to rw2,,,,,,,convert,,image/raw,
cr3 to svg,,,,,,,convert,,image/raw,
cr3 to tga,,,,,,,convert,,image/raw,
cr3 to tif,,,,,,,convert,onsite-verified,image/raw,
cr3 to webp,,,,,,,convert,onsite-verified,image/raw,
cr3 to xbm,,,,,,,convert,,image/raw,
crw to jpeg,,,,,,,convert,,image/canvas,
cur to cur,,,,,,,convert,in-progress,image/canvas,
cur to dds,,,,,,,convert,in-progress,image/canvas,
cur to dng,,,,,,,convert,,image/raw,
cur to eps,,,,,,,convert,in-progress,image/vector,
cur to heic,,,,,,,convert,,image/canvas,
cur to heif,,,,,,,convert,,image/canvas,
cur to icns,,,,,,,convert,,image/canvas,
cur to ico,,,20,,,,convert,in-progress,image/canvas,
cur to jfif,,,,,,,convert,,image/canvas,
cur to jif,,,,,,,convert,,image/canvas,
cur to jpeg,,,,,,,convert,in-progress,image/canvas,
cur to jpg,,,20,,,,convert,in-progress,image/canvas,
cur to jxl,,,,,,,convert,,image/canvas,
cur to ktx,,,,,,,convert,,image/canvas,
cur to ktx2,,,,,,,convert,,image/canvas,
cur to nef,,,,,,,convert,,image/raw,
cur to orf,,,,,,,convert,,image/raw,
cur to pam,,,,,,,convert,,image/canvas,
cur to pbm,,,,,,,convert,,image/canvas,
cur to pcx,,,,,,,convert,,image/canvas,
cur to pdf,,,,,,,convert,,pdf/pdfjs,
cur to pgm,,,,,,,convert,,image/canvas,
cur to ppm,,,,,,,convert,,image/canvas,
cur to raf,,,,,,,convert,,image/raw,
cur to rw2,,,,,,,convert,,image/canvas,
cur to svg,,,20,,,,convert,in-progress,image/vector,
cur to tga,,,,,,,convert,in-progress,image/canvas,
cur to tif,,,,,,,convert,in-progress,image/canvas,
cur to tiff,,,,,,,convert,in-progress,image/canvas,
cur to webp,,,,,,,convert,in-progress,image/canvas,
cur to xbm,,,,,,,convert,,image/canvas,
dcr to hdr,,,,,,,convert,,other/convert,
dds to dds,,,10,,,,convert,in-progress,image/canvas,
dds to dng,,,,,,,convert,,image/raw,
dds to eps,,,,,,,convert,in-progress,image/vector,
dds to gif,,,,,,,convert,in-progress,image/canvas,
dds to heic,,,,,,,convert,,image/canvas,
dds to heif,,,,,,,convert,,image/canvas,
dds to icns,,,,,,,convert,,image/canvas,
dds to ico,,,,,,,convert,in-progress,image/canvas,
dds to jfif,,,,,,,convert,,image/canvas,
dds to jif,,,,,,,convert,,image/canvas,
dds to jxl,,,,,,,convert,,image/canvas,
dds to ktx,,,,,,,convert,,image/canvas,
dds to ktx2,,,10,,,,convert,,image/canvas,
dds to nef,,,,,,,convert,,image/raw,
dds to orf,,,,,,,convert,,image/raw,
dds to pam,,,,,,,convert,,image/canvas,
dds to pbm,,,,,,,convert,,image/canvas,
dds to pcx,,,,,,,convert,,image/canvas,
dds to pdf,,,,,,,convert,,pdf/pdfjs,
dds to pgm,,,,,,,convert,,image/canvas,
dds to ppm,,,,,,,convert,,image/canvas,
dds to raf,,,,,,,convert,,image/raw,
dds to rw2,,,,,,,convert,,image/canvas,
dds to svg,,,40,,,,convert,in-progress,image/vector,
dds to tif,,,,,,,convert,in-progress,image/canvas,
dds to tiff,,,,,,,convert,in-progress,image/canvas,
dds to webp,,,,,,,convert,in-progress,image/canvas,
dds to xbm,,,,,,,convert,,image/canvas,
dng to dng,,,,,,,convert,,image/raw,
dng to eps,,,,,,,convert,,image/raw,
dng to gif,,,,,,,convert,onsite-verified,image/raw,
dng to heif,,,,,,,convert,,image/raw,
dng to icns,,,,,,,convert,,image/raw,
dng to ico,,,,,,,convert,,image/raw,
dng to jfif,,,,,,,convert,,image/raw,
dng to jif,,,,,,,convert,,image/raw,
dng to jxl,,,,,,,convert,,image/raw,
dng to ktx,,,,,,,convert,,image/raw,
dng to ktx2,,,,,,,convert,,image/raw,
dng to nef,,,,,,,convert,,image/raw,
dng to orf,,,,,,,convert,,image/raw,
dng to pam,,,,,,,convert,,image/raw,
dng to pbm,,,,,,,convert,,image/raw,
dng to pcx,,,,,,,convert,,image/raw,
dng to pgm,,,,,,,convert,,image/raw,
dng to ppm,,,,,,,convert,,image/raw,
dng to raf,,,,,,,convert,,image/raw,
dng to rw2,,,,,,,convert,,image/raw,
dng to svg,,,,,,,convert,,image/raw,
dng to tga,,,,,,,convert,,image/raw,
dng to tif,,,,,,,convert,onsite-verified,image/raw,
dng to webp,,,40,,,,convert,onsite-verified,image/raw,
dng to xbm,,,,,,,convert,,image/raw,
dng to xpm,,,,,,,convert,,image/raw,
doc to azw3,,,30,,,,convert,,office/libreoffice,
doc to gif,,,,,,,convert,,office/libreoffice,
docx to docm,,,10,,,,convert,,office/libreoffice,
docx to dot,,,,,,,convert,,office/libreoffice,
docx to xls,,,60,,,,convert,,office/libreoffice,
dot to jpg,,,20,,,,convert,,image/canvas,
dot to xls,,,,,,,convert,,office/libreoffice,
dst to ai,,,10,,,,convert,,image/vector,
dst to dot,,,,,,,convert,,other/convert,
dst to dxf,,,,,,,convert,,other/convert,
dst to eps,,,,,,,convert,,image/vector,
dst to psd,,,,,,,convert,,image/canvas,
dv to m4v,,,,,,,convert,,ffmpeg/video,
eps to eps,,,30,,,,convert,in-progress,image/vector,
eps to gif,,,20,,,,convert,in-progress,image/vector,
eps to heic,,,,,,,convert,,image/vector,
eps to heif,,,,,,,convert,,image/vector,
eps to icns,,,,,,,convert,,image/vector,
eps to jfif,,,,,,,convert,,image/vector,
eps to jif,,,,,,,convert,,image/vector,
eps to jxl,,,,,,,convert,,image/vector,
eps to ktx,,,,,,,convert,,image/vector,
eps to ktx2,,,,,,,convert,,image/vector,
eps to nef,,,,,,,convert,,image/raw,
eps to orf,,,,,,,convert,,image/raw,
eps to pam,,,,,,,convert,,image/vector,
eps to pbm,,,,,,,convert,,image/vector,
eps to pcx,,,,,,,convert,,image/vector,
eps to pgm,,,,,,,convert,,image/vector,
eps to ppm,,,,,,,convert,,image/vector,
eps to raf,,,,,,,convert,,image/raw,
eps to rw2,,,,,,,convert,,image/vector,
eps to tga,,,,,,,convert,in-progress,image/vector,
eps to tif,,,,,,,convert,in-progress,image/vector,
eps to xbm,,,,,,,convert,,image/vector,
epub to djvu,,,20,,,,convert,,ebook/calibre,
exp to eps,,,,,,,convert,,image/vector,
exp to svg,,,,,,,convert,,image/vector,
fig to tiff,,,,,,,convert,,image/canvas,
gif to hdr,,,,,,,convert,,image/canvas,
gif to icns,,,,,,,convert,,image/canvas,
gif to jfif,,,10,,,,convert,,image/canvas,
gif to jif,,,,,,,convert,,image/canvas,
gif to ktx,,,,,,,convert,,image/canvas,
gif to ktx2,,,,,,,convert,,image/canvas,
gif to nef,,,,,,,convert,,image/raw,
gif to orf,,,,,,,convert,,image/raw,
gif to pam,,,,,,,convert,,image/canvas,
gif to pbm,,,,,,,convert,,image/canvas,
gif to pcx,,,,,,,convert,,image/canvas,
gif to pgm,,,,,,,convert,,image/canvas,
gif to ppm,,,,,,,convert,,image/canvas,
gif to raf,,,,,,,convert,,image/raw,
gif to rw2,,,,,,,convert,,image/canvas,
gif to xbm,,,,,,,convert,,image/canvas,
heic to heic,,,,,,,convert,,image/canvas,
heic to heif,,,10,,,,convert,,image/canvas,
heic to icns,,,,,,,convert,,image/canvas,
heic to jfif,,,,,,,convert,,image/canvas,
heic to jif,,,,,,,convert,,image/canvas,
heic to jxl,,,,,,,convert,,image/canvas,
heic to ktx,,,,,,,convert,,image/canvas,
heic to ktx2,,,,,,,convert,,image/canvas,
heic to nef,,,,,,,convert,,image/raw,
heic to orf,,,,,,,convert,,image/raw,
heic to pam,,,,,,,convert,,image/canvas,
heic to pbm,,,,,,,convert,,image/canvas,
heic to pcx,,,,,,,convert,,image/canvas,
heic to pgm,,,,,,,convert,,image/canvas,
heic to ppm,,,,,,,convert,,image/canvas,
heic to raf,,,,,,,convert,,image/raw,
heic to rw2,,,,,,,convert,,image/canvas,
heic to tga,,,,,,,convert,,image/canvas,
heic to xbm,,,,,,,convert,,image/canvas,
heif to heif,,,,,,,convert,,image/canvas,
heif to icns,,,,,,,convert,,image/canvas,
heif to ico,,,,,,,convert,,image/canvas,
heif to jfif,,,,,,,convert,,image/canvas,
heif to jif,,,,,,,convert,,image/canvas,
heif to jxl,,,,,,,convert,,image/canvas,
heif to ktx,,,,,,,convert,,image/canvas,
heif to ktx2,,,,,,,convert,,image/canvas,
heif to nef,,,,,,,convert,,image/raw,
heif to orf,,,,,,,convert,,image/raw,
heif to pam,,,,,,,convert,,image/canvas,
heif to pbm,,,,,,,convert,,image/canvas,
heif to pcx,,,,,,,convert,,image/canvas,
heif to pgm,,,,,,,convert,,image/canvas,
heif to ppm,,,,,,,convert,,image/canvas,
heif to raf,,,,,,,convert,,image/raw,
heif to rw2,,,,,,,convert,,image/canvas,
heif to svg,,,,,,,convert,,image/vector,
heif to tga,,,,,,,convert,,image/canvas,
heif to tif,,,,,,,convert,,image/canvas,
heif to xbm,,,,,,,convert,,image/canvas,
hevc to mjpeg,,,,,,,convert,,ffmpeg/video,
html to lrf,,,,,,,convert,,other/convert,
html to six,,,,,,,convert,,other/convert,
html to xps,,,,,,,convert,,other/convert,
icns to icns,,,,,,,convert,,image/canvas,
icns to jfif,,,,,,,convert,,image/canvas,
icns to jif,,,,,,,convert,,image/canvas,
icns to jpeg,,,,,,,convert,,image/canvas,
icns to jpg,,,20,,,,convert,,image/canvas,
icns to jxl,,,,,,,convert,,image/canvas,
icns to ktx,,,,,,,convert,,image/canvas,
icns to ktx2,,,,,,,convert,,image/canvas,
icns to nef,,,,,,,convert,,image/raw,
icns to orf,,,,,,,convert,,image/raw,
icns to pam,,,,,,,convert,,image/canvas,
icns to pbm,,,,,,,convert,,image/canvas,
icns to pcx,,,,,,,convert,,image/canvas,
icns to pdf,,,,,,,convert,,pdf/pdfjs,
icns to pgm,,,,,,,convert,,image/canvas,
icns to ppm,,,,,,,convert,,image/canvas,
icns to raf,,,,,,,convert,,image/raw,
icns to rw2,,,,,,,convert,,image/canvas,
icns to tga,,,,,,,convert,,image/canvas,
icns to tif,,,,,,,convert,,image/canvas,
icns to tiff,,,,,,,convert,,image/canvas,
icns to webp,,,,,,,convert,,image/canvas,
icns to xbm,,,,,,,convert,,image/canvas,
ico to ico,,,30,,,,convert,in-progress,image/canvas,
ico to jfif,,,,,,,convert,,image/canvas,
ico to jif,,,,,,,convert,,image/canvas,
ico to jxl,,,,,,,convert,,image/canvas,
ico to ktx,,,,,,,convert,,image/canvas,
ico to ktx2,,,,,,,convert,,image/canvas,
ico to nef,,,,,,,convert,,image/raw,
ico to orf,,,,,,,convert,,image/raw,
ico to pam,,,,,,,convert,,image/canvas,
ico to pbm,,,,,,,convert,,image/canvas,
ico to pcx,,,,,,,convert,,image/canvas,
ico to pgm,,,,,,,convert,,image/canvas,
ico to ppm,,,,,,,convert,,image/canvas,
ico to raf,,,,,,,convert,,image/raw,
ico to rw2,,,,,,,convert,,image/canvas,
ico to tif,,,,,,,convert,in-progress,image/canvas,
ico to tiff,,,,,,,convert,in-progress,image/canvas,
ico to xbm,,,10,,,,convert,,image/canvas,
jfif to jfif,,,,,,,convert,,other/convert,
jfif to jif,,,,,,,convert,,other/convert,
jfif to jxl,,,,,,,convert,,other/convert,
jfif to ktx,,,,,,,convert,,other/convert,
jfif to ktx2,,,,,,,convert,,other/convert,
jfif to nef,,,,,,,convert,,image/raw,
jfif to orf,,,,,,,convert,,image/raw,
jfif to pam,,,,,,,convert,,other/convert,
jfif to pbm,,,,,,,convert,,image/canvas,
jfif to pcx,,,,,,,convert,,other/convert,
jfif to pgm,,,,,,,convert,,image/canvas,
jfif to ppm,,,,,,,convert,,image/canvas,
jfif to raf,,,,,,,convert,,image/raw,
jfif to rw2,,,,,,,convert,,other/convert,
jfif to tga,,,,,,,convert,,image/canvas,
jfif to tif,,,,,,,convert,,image/canvas,
jfif to tiff,,,40,,,,convert,,image/canvas,
jfif to xbm,,,,,,,convert,,other/convert,
jif to jif,,,,,,,convert,,other/convert,
jif to jxl,,,,,,,convert,,other/convert,
jif to ktx,,,,,,,convert,,other/convert,
jif to ktx2,,,,,,,convert,,other/convert,
jif to nef,,,,,,,convert,,image/raw,
jif to orf,,,,,,,convert,,image/raw,
jif to pam,,,,,,,convert,,other/convert,
jif to pbm,,,,,,,convert,,image/canvas,
jif to pcx,,,,,,,convert,,other/convert,
jif to pgm,,,,,,,convert,,image/canvas,
jif to ppm,,,,,,,convert,,image/canvas,
jif to raf,,,,,,,convert,,image/raw,
jif to rw2,,,,,,,convert,,other/convert,
jif to svg,,,,,,,convert,,image/vector,
jif to tga,,,,,,,convert,,image/canvas,
jif to tif,,,,,,,convert,,image/canvas,
jif to tiff,,,,,,,convert,,image/canvas,
jif to webp,,,10,,,,convert,,image/canvas,
jif to xbm,,,,,,,convert,,other/convert,
jpeg to ktx,,,,,,,convert,,image/canvas,
jpeg to ktx2,,,,,,,convert,,image/canvas,
jpeg to nef,,,10,,,,convert,,image/raw,
jpeg to orf,,,,,,,convert,,image/raw,
jpeg to pam,,,,,,,convert,,image/canvas,
jpeg to pbm,,,,,,,convert,,image/canvas,
jpeg to pcx,,,10,,,,convert,,image/canvas,
jpeg to pgm,,,10,,,,convert,,image/canvas,
jpeg to raf,,,,,,,convert,,image/raw,
jpeg to rw2,,,,,,,convert,,image/canvas,
jpeg to xbm,,,,,,,convert,,image/canvas,
jpg to dot,,,,,,,convert,,image/canvas,
jpg to ktx,,,,,,,convert,,image/canvas,
jpg to ktx2,,,,,,,convert,,image/canvas,
jpg to odt,,,40,,,,convert,,office/libreoffice,
jpg to orf,,,,,,,convert,,image/raw,
jpg to pam,,,,,,,convert,,image/canvas,
jpg to pcd,,,,,,,convert,,image/canvas,
jpg to raf,,,10,,,,convert,,image/raw,
jpg to rw2,,,,,,,convert,,image/canvas,
jpg to sk,,,,,,,convert,,image/canvas,
jpg to wbmp,,,,,,,convert,,image/canvas,
jpg to xbm,,,20,,,,convert,,image/canvas,
jxl to jxl,,,,,,,convert,,other/convert,
jxl to ktx,,,,,,,convert,,other/convert,
jxl to ktx2,,,,,,,convert,,other/convert,
jxl to nef,,,,,,,convert,,image/raw,
jxl to orf,,,,,,,convert,,image/raw,
jxl to pam,,,,,,,convert,,other/convert,
jxl to pbm,,,,,,,convert,,image/canvas,
jxl to pcx,,,,,,,convert,,other/convert,
jxl to pdf,,,,,,,convert,,pdf/pdfjs,
jxl to pgm,,,,,,,convert,,image/canvas,
jxl to ppm,,,,,,,convert,,image/canvas,
jxl to raf,,,,,,,convert,,image/raw,
jxl to rw2,,,,,,,convert,,other/convert,
jxl to svg,,,,,,,convert,,image/vector,
jxl to tga,,,,,,,convert,,image/canvas,
jxl to tif,,,,,,,convert,,image/canvas,
jxl to tiff,,,,,,,convert,,image/canvas,
jxl to webp,,,,,,,convert,,image/canvas,
jxl to xbm,,,,,,,convert,,other/convert,
ktx to ktx,,,,,,,convert,,other/convert,
ktx to ktx2,,,,,,,convert,,other/convert,
ktx to nef,,,,,,,convert,,image/raw,
ktx to orf,,,,,,,convert,,image/raw,
ktx to pam,,,,,,,convert,,other/convert,
ktx to pbm,,,,,,,convert,,image/canvas,
ktx to pcx,,,,,,,convert,,other/convert,
ktx to pdf,,,,,,,convert,,pdf/pdfjs,
ktx to pgm,,,,,,,convert,,image/canvas,
ktx to ppm,,,,,,,convert,,image/canvas,
ktx to raf,,,,,,,convert,,image/raw,
ktx to rw2,,,,,,,convert,,other/convert,
ktx to svg,,,,,,,convert,,image/vector,
ktx to tga,,,,,,,convert,,image/canvas,
ktx to tif,,,,,,,convert,,image/canvas,
ktx to tiff,,,,,,,convert,,image/canvas,
ktx to webp,,,,,,,convert,,image/canvas,
ktx to xbm,,,,,,,convert,,other/convert,
ktx2 to ktx2,,,,,,,convert,,other/convert,
ktx2 to nef,,,,,,,convert,,image/raw,
ktx2 to orf,,,,,,,convert,,image/raw,
ktx2 to pam,,,,,,,convert,,other/convert,
ktx2 to pbm,,,,,,,convert,,image/canvas,
ktx2 to pcx,,,,,,,convert,,other/convert,
ktx2 to pdf,,,,,,,convert,,pdf/pdfjs,
ktx2 to pgm,,,,,,,convert,,image/canvas,
ktx2 to ppm,,,,,,,convert,,image/canvas,
ktx2 to raf,,,,,,,convert,,image/raw,
ktx2 to rw2,,,,,,,convert,,other/convert,
ktx2 to svg,,,,,,,convert,,image/vector,
ktx2 to tga,,,,,,,convert,,image/canvas,
ktx2 to tif,,,,,,,convert,,image/canvas,
ktx2 to tiff,,,,,,,convert,,image/canvas,
ktx2 to webp,,,,,,,convert,,image/canvas,
ktx2 to xbm,,,,,,,convert,,other/convert,
mac to gif,,,,,,,convert,,image/canvas,
mac to jpeg,,,,,,,convert,,image/canvas,
mac to jpg,,,10,,,,convert,,image/canvas,
mac to pdf,,,20,,,,convert,,pdf/pdfjs,
mac to svg,,,,,,,convert,,image/vector,
mkv to av1,,,,,,,convert,,ffmpeg/video,
mobi to fb2,,,30,,,,convert,,ebook/calibre,
mod to mpeg,,,,,,,convert,,ffmpeg/video,
mov to mpeg2,,,10,,,,convert,,ffmpeg/video,
mp3 to 8svx,,,,,,,convert,,ffmpeg/audio,
mp3 to dts,,,30,,,,convert,,ffmpeg/audio,
mp3 to fssd,,,,,,,convert,,ffmpeg/audio,
mp3 to ra,,,10,,,,convert,,ffmpeg/audio,
mp3 to sd2,,,,,,,convert,,ffmpeg/audio,
mp4 to amb,,,,,,,convert,,ffmpeg/video,
mp4 to cdda,,,,,,,convert,,ffmpeg/video,
mp4 to w64,,,,,,,convert,,ffmpeg/video,
mp4 to wtv,,,,,,,convert,,ffmpeg/video,
mpeg to mpeg2,,,,,,,convert,,ffmpeg/video,
mpeg2 to avi,,,,,,,convert,,ffmpeg/video,
mpeg2 to gif,,,,,,,convert,,ffmpeg/video,
mpeg2 to mp3,,,10,,,,convert,,ffmpeg/video,
mpeg2 to wav,,,,,,,convert,,ffmpeg/video,
mpeg2 to wmv,,,,,,,convert,,ffmpeg/video,
nef to nef,,,,,,,convert,,image/raw,
nef to orf,,,,,,,convert,,image/raw,
nef to pam,,,,,,,convert,,image/raw,
nef to pbm,,,,,,,convert,,image/raw,
nef to pcx,,,,,,,convert,,image/raw,
nef to pgm,,,,,,,convert,,image/raw,
nef to ppm,,,,,,,convert,,image/raw,
nef to psd,,,,,,,convert,,image/raw,
nef to raf,,,,,,,convert,,image/raw,
nef to rw2,,,,,,,convert,,image/raw,
nef to svg,,,,,,,convert,,image/raw,
nef to tga,,,,,,,convert,,image/raw,
nef to tif,,,,,,,convert,,image/raw,
nef to webp,,,10,,,,convert,,image/raw,
nef to xbm,,,,,,,convert,,image/raw,
orf to orf,,,,,,,convert,,image/raw,
orf to pam,,,,,,,convert,,image/raw,
orf to pbm,,,,,,,convert,,image/raw,
orf to pcx,,,,,,,convert,,image/raw,
orf to pdf,,,,,,,convert,,pdf/pdfjs,
orf to pgm,,,,,,,convert,,image/raw,
orf to ppm,,,,,,,convert,,image/raw,
orf to raf,,,,,,,convert,,image/raw,
orf to rw2,,,,,,,convert,,image/raw,
orf to svg,,,,,,,convert,,image/raw,
orf to tga,,,,,,,convert,,image/raw,
orf to tif,,,,,,,convert,,image/raw,
orf to tiff,,,,,,,convert,,image/raw,
orf to webp,,,,,,,convert,,image/raw,
orf to xbm,,,,,,,convert,,image/raw,
otf to ps,,,,,,,convert,,other/convert,
oxps to doc,,,20,,,,convert,,office/libreoffice,
oxps to docx,,,30,,,,convert,,office/libreoffice,
pam to pam,,,10,,,,convert,,other/convert,
pam to pbm,,,,,,,convert,,image/canvas,
pam to pcx,,,,,,,convert,,other/convert,
pam to pdf,,,,,,,convert,,pdf/pdfjs,
pam to pgm,,,,,,,convert,,image/canvas,
pam to png,,,,,,,convert,,image/canvas,
pam to ppm,,,,,,,convert,,image/canvas,
pam to raf,,,,,,,convert,,image/raw,
pam to rw2,,,,,,,convert,,other/convert,
pam to svg,,,,,,,convert,,image/vector,
pam to tga,,,,,,,convert,,image/canvas,
pam to tif,,,,,,,convert,,image/canvas,
pam to tiff,,,,,,,convert,,image/canvas,
pam to webp,,,,,,,convert,,image/canvas,
pam to xbm,,,,,,,convert,,other/convert,
pbm to pbm,,,,,,,convert,,image/canvas,
pbm to pcx,,,,,,,convert,,image/canvas,
pbm to pdf,,,,,,,convert,,pdf/pdfjs,
pbm to pgm,,,,,,,convert,,image/canvas,
pbm to ppm,,,,,,,convert,,image/canvas,
pbm to raf,,,,,,,convert,,image/raw,
pbm to rw2,,,,,,,convert,,image/canvas,
pbm to svg,,,,,,,convert,,image/vector,
pbm to tga,,,,,,,convert,,image/canvas,
pbm to tif,,,,,,,convert,,image/canvas,
pbm to tiff,,,,,,,convert,,image/canvas,
pbm to webp,,,,,,,convert,,image/canvas,
pbm to xbm,,,,,,,convert,,image/canvas,
pcs to pdf,,,10,,,,convert,,pdf/pdfjs,
pcx to pcx,,,,,,,convert,,other/convert,
pcx to pdf,,,30,,,,convert,,pdf/pdfjs,
pcx to pgm,,,,,,,convert,,image/canvas,
pcx to ppm,,,,,,,convert,,image/canvas,
pcx to raf,,,,,,,convert,,image/raw,
pcx to rw2,,,,,,,convert,,other/convert,
pcx to svg,,,,,,,convert,,image/vector,
pcx to tga,,,,,,,convert,,image/canvas,
pcx to tif,,,,,,,convert,,image/canvas,
pcx to tiff,,,,,,,convert,,image/canvas,
pcx to webp,,,,,,,convert,,image/canvas,
pcx to xbm,,,,,,,convert,,other/convert,
pdb to xls,,,,,,,convert,,office/libreoffice,
pdf to dotx,,,20,,,,convert,,pdf/pdfjs,
pdf to pgm,,,,,,,convert,,pdf/pdfjs,
pdf to raf,,,,,,,convert,,pdf/pdfjs,
pdf to rw2,,,,,,,convert,,pdf/pdfjs,
pdf to xbm,,,,,,,convert,,pdf/pdfjs,
pes to eps,,,,,,,convert,,image/vector,
pes to jpeg,,,,,,,convert,,image/canvas,
pes to pdf,,,10,,,,convert,,pdf/pdfjs,
pes to psd,,,,,,,convert,,image/canvas,
pgm to pgm,,,,,,,convert,,image/canvas,
pgm to ppm,,,,,,,convert,,image/canvas,
pgm to raf,,,,,,,convert,,image/raw,
pgm to rgb,,,,,,,convert,,image/canvas,
pgm to rw2,,,,,,,convert,,image/canvas,
pgm to svg,,,,,,,convert,,image/vector,
pgm to tga,,,,,,,convert,,image/canvas,
pgm to tif,,,,,,,convert,,image/canvas,
pgm to tiff,,,,,,,convert,,image/canvas,
pgm to webp,,,,,,,convert,,image/canvas,
pgm to xbm,,,,,,,convert,,image/canvas,
png to dot,,,,,,,convert,,image/canvas,
png to raf,,,,,,,convert,,image/raw,
png to rw2,,,,,,,convert,,image/canvas,
ppm to raf,,,,,,,convert,,image/raw,
ppm to rw2,,,,,,,convert,,image/canvas,
ppm to svg,,,,,,,convert,,image/vector,
ppm to tga,,,,,,,convert,,image/canvas,
ppm to tif,,,,,,,convert,,image/canvas,
ppm to tiff,,,,,,,convert,,image/canvas,
ppm to webp,,,,,,,convert,,image/canvas,
ppm to xbm,,,,,,,convert,,image/canvas,
ppt to pps,,,40,,,,convert,,office/libreoffice,
pptx to ppm,,,,,,,convert,,office/libreoffice,
ps to otf,,,,,,,convert,,other/convert,
psd to fig,,,60,,,,convert,,image/canvas,
psd to rgb,,,,,,,convert,,image/canvas,
raf to raf,,,,,,,convert,,image/raw,
raf to rw2,,,,,,,convert,,image/raw,
raf to svg,,,,,,,convert,,image/raw,
raf to tga,,,,,,,convert,,image/raw,
raf to tif,,,,,,,convert,,image/raw,
raf to tiff,,,,,,,convert,,image/raw,
raf to webp,,,,,,,convert,,image/raw,
raf to xbm,,,,,,,convert,,image/raw,
rw2 to rw2,,,,,,,convert,,other/convert,
rw2 to svg,,,,,,,convert,,image/vector,
rw2 to tga,,,,,,,convert,,image/canvas,
rw2 to tif,,,,,,,convert,,image/canvas,
rw2 to tiff,,,,,,,convert,,image/canvas,
rw2 to webp,,,,,,,convert,,image/canvas,
rw2 to xbm,,,,,,,convert,,other/convert,
sfw to jpeg,,,,,,,convert,,image/canvas,
sfw to jpg,,,10,,,,convert,,image/canvas,
sk to dxf,,,,,,,convert,,other/convert,
sk to html,,,,,,,convert,,other/convert,
sk to jpg,,,,,,,convert,,image/canvas,
spx to mp3,,,10,,,,convert,,ffmpeg/audio,
svg to xbm,,,,,,,convert,,image/vector,
tar to tgz,,,10,,,,convert,,archive,
tga to tga,,,,,,,convert,in-progress,image/canvas,
tga to tif,,,,,,,convert,in-progress,image/canvas,
tga to tiff,,,,,,,convert,in-progress,image/canvas,
tga to webp,,,,,,,convert,in-progress,image/canvas,
tga to xbm,,,,,,,convert,,image/canvas,
tgz to tar,,,,,,,convert,,archive,
tif to tif,,,,,,,convert,in-progress,image/canvas,
tif to xbm,,,,,,,convert,,image/canvas,
tiff to docx,0,,10,0,0,,convert,,office/libreoffice,
tiff to tiff,,,20,,,,convert,in-progress,image/canvas,
tiff to xbm,,,,,,,convert,,image/canvas,
ttf to tiff,,,,,,,convert,,image/canvas,
vob to ac3,,,,,,,convert,,ffmpeg/video,
vob to mpeg2,,,,,,,convert,,ffmpeg/video,
wav to 8svx,,,,,,,convert,,ffmpeg/audio,
wav to cdda,0,,10,0,0,,convert,,ffmpeg/audio,
webm to mjpeg,,,,,,,convert,,ffmpeg/video,
webp to doc,,,10,,,,convert,,office/libreoffice,
webp to xbm,,,,,,,convert,,image/canvas,
wmv to mpeg2,,,,,,,convert,,ffmpeg/video,
wpg to docx,,,,,,,convert,,office/libreoffice,
xbm to xbm,,,,,,,convert,,other/convert,
xls to jpeg,,,70,,,,convert,,office/libreoffice,
xls to ppt,,,30,,,,convert,,office/libreoffice,
xls to pptx,,,,,,,convert,,office/libreoffice,
xls to tiff,,,,,,,convert,,office/libreoffice,
xlsx to tiff,,,,,,,convert,,office/libreoffice,
xpm to jpeg,,,,,,,convert,,image/canvas,
xpm to jpg,,,20,,,,convert,,image/canvas,
excel to json,,,,,,,convert,,table/convert,
json to excel,,,,,,,convert,,table/convert,
csv to excel,,,,,,,convert,,table/convert,
excel to html,,,,,,,convert,,table/convert,
csv to sql,,,,,,,convert,,table/convert,
excel to sql,,,,,,,convert,,table/convert,
html to excel,,,,,,,convert,,table/convert,
markdown to markdown,,,,,,,convert,,table/convert,
markdown to csv,,,,,,,convert,,table/convert,
markdown to excel,,,,,,,convert,,table/convert,
html to markdown,,,,,,,convert,,table/convert,
excel to csv,,,,,,,convert,,table/convert,
excel to markdown,,,,,,,convert,,table/convert,
csv to markdown,,,,,,,convert,,table/convert,
excel to latex,,,,,,,convert,,table/convert,
json to html,,,,,,,convert,,table/convert,
html to json,,,,,,,convert,,table/convert,
xml to excel,,,,,,,convert,,table/convert,
json to json,,,,,,,convert,,table/convert,
csv to json,,,,,,,convert,,table/convert,
json to png,,,,,,,convert,,table/convert,
json to csv,,,,,,,convert,,table/convert,
json to markdown,,,,,,,convert,,table/convert,
sql to csv,,,,,,,convert,,table/convert,
xml to sql,,,,,,,convert,,table/convert,
csv to latex,,,,,,,convert,,table/convert,
json to sql,,,,,,,convert,,table/convert,
csv to csv,,,,,,,convert,,table/convert,
latex to latex,,,,,,,convert,,table/convert,
json to magic,,,,,,,convert,,table/convert,
markdown to html,,,,,,,convert,,table/convert,
json to jpeg,,,,,,,convert,,table/convert,
sql to excel,,,,,,,convert,,table/convert,
sql to json,,,,,,,convert,,table/convert,
excel to jsonlines,,,,,,,convert,,table/convert,
html to html,,,,,,,convert,,table/convert,
excel to php,,,,,,,convert,,table/convert,
mysql to excel,,,,,,,convert,,table/convert,
csv to jpeg,,,,,,,convert,,table/convert,
excel to xml,,,,,,,convert,,table/convert,
excel to jira,,,,,,,convert,,table/convert,
mysql to csv,,,,,,,convert,,table/convert,
sql to sql,,,,,,,convert,,table/convert,
html to bbcode,,,,,,,convert,,table/convert,
mysql to sql,,,,,,,convert,,table/convert,
markdown to jpeg,,,,,,,convert,,table/convert,
xml to png,,,,,,,convert,,table/convert,
sql to html,,,,,,,convert,,table/convert,
xml to csv,,,,,,,convert,,table/convert,
markdown to json,,,,,,,convert,,table/convert,
csv to php,,,,,,,convert,,table/convert,
sql to xml,,,,,,,convert,,table/convert,
excel to yaml,,,,,,,convert,,table/convert,
xml to xml,,,,,,,convert,,table/convert,
xml to markdown,,,,,,,convert,,table/convert,
excel to excel,,,,,,,convert,,table/convert,
markdown to magic,,,,,,,convert,,table/convert,
xml to jpeg,,,,,,,convert,,table/convert,
markdown to pdf,,,,,,,convert,,table/convert,
excel to png,,,,,,,convert,,table/convert,
latex to excel,,,,,,,convert,,table/convert,
latex to csv,,,,,,,convert,,table/convert,
excel to bbcode,,,,,,,convert,,table/convert,
json to avro,,,,,,,convert,,table/convert,
mysql to json,,,,,,,convert,,table/convert,
markdown to jira,,,,,,,convert,,table/convert,
sql to pdf,,,,,,,convert,,table/convert,
markdown to xml,,,,,,,convert,,table/convert,
markdown to restructuredtext,,,,,,,convert,,table/convert,
markdown to latex,,,,,,,convert,,table/convert,
csv to pandasdataframe,,,,,,,convert,,table/convert,
csv to avro,,,,,,,convert,,table/convert,
mediawiki to csv,,,,,,,convert,,table/convert,
csv to yaml,,,,,,,convert,,table/convert,
markdown to png,,,,,,,convert,,table/convert,
csv to ascii,,,,,,,convert,,table/convert,
latex to markdown,,,,,,,convert,,table/convert,
html to latex,,,,,,,convert,,table/convert,
excel to ascii,,,,,,,convert,,table/convert,
csv to xml,,,,,,,convert,,table/convert,
latex to png,,,,,,,convert,,table/convert,
markdown to pandasdataframe,,,,,,,convert,,table/convert,
latex to jpeg,,,,,,,convert,,table/convert,
csv to mediawiki,,,,,,,convert,,table/convert,
json to protobuf,,,,,,,convert,,table/convert,
xml to restructuredtext,,,,,,,convert,,table/convert,
html to xml,,,,,,,convert,,table/convert,
json to php,,,,,,,convert,,table/convert,
csv to magic,,,,,,,convert,,table/convert,
excel to pandasdataframe,,,,,,,convert,,table/convert,
latex to pdf,,,,,,,convert,,table/convert,
json to pdf,,,,,,,convert,,table/convert,
csv to jsonlines,,,,,,,convert,,table/convert,
json to xml,,,,,,,convert,,table/convert,
latex to html,,,,,,,convert,,table/convert,
json to pandasdataframe,,,,,,,convert,,table/convert,
