tool,derived_id,from,to,engine,needs_registry,needs_fixture,needs_engine,notes
3gp to aac,3gp-to-aac,3gp,aac,ffmpeg,yes,no,,FFmpeg audio extraction/conversion is implemented.
3gp to aiff,3gp-to-aiff,3gp,aiff,ffmpeg,yes,no,,FFmpeg audio extraction/conversion is implemented.
3gp to alac,3gp-to-alac,3gp,alac,ffmpeg,yes,no,,FFmpeg audio extraction/conversion is implemented.
3gp to amr,3gp-to-amr,3gp,amr,ffmpeg,yes,no,,FFmpeg audio extraction/conversion is implemented.
3gp to au,3gp-to-au,3gp,au,ffmpeg,yes,no,,FFmpeg audio extraction/conversion is implemented.
3gp to caf,3gp-to-caf,3gp,caf,ffmpeg,yes,no,,FFmpeg audio extraction/conversion is implemented.
3gp to cdda,3gp-to-cdda,3gp,cdda,ffmpeg,yes,no,,FFmpeg audio extraction/conversion is implemented.
3gp to flac,3gp-to-flac,3gp,flac,ffmpeg,yes,no,,FFmpeg audio extraction/conversion is implemented.
3gp to m4a,3gp-to-m4a,3gp,m4a,ffmpeg,yes,no,,FFmpeg audio extraction/conversion is implemented.
3gp to m4r,3gp-to-m4r,3gp,m4r,ffmpeg,yes,no,,FFmpeg audio extraction/conversion is implemented.
3gp to mp2,3gp-to-mp2,3gp,mp2,ffmpeg,yes,no,,FFmpeg audio extraction/conversion is implemented.
3gp to oga,3gp-to-oga,3gp,oga,ffmpeg,yes,no,,FFmpeg audio extraction/conversion is implemented.
3gp to ogg,3gp-to-ogg,3gp,ogg,ffmpeg,yes,no,,FFmpeg audio extraction/conversion is implemented.
3gp to opus,3gp-to-opus,3gp,opus,ffmpeg,yes,no,,FFmpeg audio extraction/conversion is implemented.
3gp to wav,3gp-to-wav,3gp,wav,ffmpeg,yes,no,,FFmpeg audio extraction/conversion is implemented.
3gp to wma,3gp-to-wma,3gp,wma,ffmpeg,yes,no,,FFmpeg audio extraction/conversion is implemented.
amr to mp2,amr-to-mp2,amr,mp2,ffmpeg,yes,no,,FFmpeg audio extraction/conversion is implemented.
amr to oga,amr-to-oga,amr,oga,ffmpeg,yes,no,,FFmpeg audio extraction/conversion is implemented.
amr to ogg,amr-to-ogg,amr,ogg,ffmpeg,yes,no,,FFmpeg audio extraction/conversion is implemented.
asf to aac,asf-to-aac,asf,aac,ffmpeg,yes,no,,FFmpeg audio extraction/conversion is implemented.
asf to aiff,asf-to-aiff,asf,aiff,ffmpeg,yes,no,,FFmpeg audio extraction/conversion is implemented.
asf to alac,asf-to-alac,asf,alac,ffmpeg,yes,no,,FFmpeg audio extraction/conversion is implemented.
asf to amr,asf-to-amr,asf,amr,ffmpeg,yes,no,,FFmpeg audio extraction/conversion is implemented.
asf to au,asf-to-au,asf,au,ffmpeg,yes,no,,FFmpeg audio extraction/conversion is implemented.
asf to caf,asf-to-caf,asf,caf,ffmpeg,yes,no,,FFmpeg audio extraction/conversion is implemented.
asf to cdda,asf-to-cdda,asf,cdda,ffmpeg,yes,no,,FFmpeg audio extraction/conversion is implemented.
asf to flac,asf-to-flac,asf,flac,ffmpeg,yes,no,,FFmpeg audio extraction/conversion is implemented.
asf to m4a,asf-to-m4a,asf,m4a,ffmpeg,yes,no,,FFmpeg audio extraction/conversion is implemented.
asf to m4r,asf-to-m4r,asf,m4r,ffmpeg,yes,no,,FFmpeg audio extraction/conversion is implemented.
asf to mp2,asf-to-mp2,asf,mp2,ffmpeg,yes,no,,FFmpeg audio extraction/conversion is implemented.
asf to mp3,asf-to-mp3,asf,mp3,ffmpeg,yes,no,,FFmpeg audio extraction/conversion is implemented.
asf to oga,asf-to-oga,asf,oga,ffmpeg,yes,no,,FFmpeg audio extraction/conversion is implemented.
asf to ogg,asf-to-ogg,asf,ogg,ffmpeg,yes,no,,FFmpeg audio extraction/conversion is implemented.
asf to opus,asf-to-opus,asf,opus,ffmpeg,yes,no,,FFmpeg audio extraction/conversion is implemented.
asf to wav,asf-to-wav,asf,wav,ffmpeg,yes,no,,FFmpeg audio extraction/conversion is implemented.
asf to wma,asf-to-wma,asf,wma,ffmpeg,yes,no,,FFmpeg audio extraction/conversion is implemented.
av1 to aac,av1-to-aac,av1,aac,ffmpeg,yes,no,,FFmpeg audio extraction/conversion is implemented.
av1 to aiff,av1-to-aiff,av1,aiff,ffmpeg,yes,no,,FFmpeg audio extraction/conversion is implemented.
av1 to alac,av1-to-alac,av1,alac,ffmpeg,yes,no,,FFmpeg audio extraction/conversion is implemented.
av1 to amr,av1-to-amr,av1,amr,ffmpeg,yes,no,,FFmpeg audio extraction/conversion is implemented.
av1 to au,av1-to-au,av1,au,ffmpeg,yes,no,,FFmpeg audio extraction/conversion is implemented.
av1 to caf,av1-to-caf,av1,caf,ffmpeg,yes,no,,FFmpeg audio extraction/conversion is implemented.
av1 to cdda,av1-to-cdda,av1,cdda,ffmpeg,yes,no,,FFmpeg audio extraction/conversion is implemented.
av1 to flac,av1-to-flac,av1,flac,ffmpeg,yes,no,,FFmpeg audio extraction/conversion is implemented.
av1 to m4a,av1-to-m4a,av1,m4a,ffmpeg,yes,no,,FFmpeg audio extraction/conversion is implemented.
av1 to m4r,av1-to-m4r,av1,m4r,ffmpeg,yes,no,,FFmpeg audio extraction/conversion is implemented.
av1 to mp2,av1-to-mp2,av1,mp2,ffmpeg,yes,no,,FFmpeg audio extraction/conversion is implemented.
av1 to mp3,av1-to-mp3,av1,mp3,ffmpeg,yes,no,,FFmpeg audio extraction/conversion is implemented.
av1 to oga,av1-to-oga,av1,oga,ffmpeg,yes,no,,FFmpeg audio extraction/conversion is implemented.
av1 to ogg,av1-to-ogg,av1,ogg,ffmpeg,yes,no,,FFmpeg audio extraction/conversion is implemented.
av1 to opus,av1-to-opus,av1,opus,ffmpeg,yes,no,,FFmpeg audio extraction/conversion is implemented.
av1 to wav,av1-to-wav,av1,wav,ffmpeg,yes,no,,FFmpeg audio extraction/conversion is implemented.
av1 to wma,av1-to-wma,av1,wma,ffmpeg,yes,no,,FFmpeg audio extraction/conversion is implemented.
avchd to aac,avchd-to-aac,avchd,aac,ffmpeg,yes,no,,FFmpeg audio extraction/conversion is implemented.
avchd to aiff,avchd-to-aiff,avchd,aiff,ffmpeg,yes,no,,FFmpeg audio extraction/conversion is implemented.
avchd to alac,avchd-to-alac,avchd,alac,ffmpeg,yes,no,,FFmpeg audio extraction/conversion is implemented.
avchd to amr,avchd-to-amr,avchd,amr,ffmpeg,yes,no,,FFmpeg audio extraction/conversion is implemented.
avchd to au,avchd-to-au,avchd,au,ffmpeg,yes,no,,FFmpeg audio extraction/conversion is implemented.
avchd to caf,avchd-to-caf,avchd,caf,ffmpeg,yes,no,,FFmpeg audio extraction/conversion is implemented.
avchd to cdda,avchd-to-cdda,avchd,cdda,ffmpeg,yes,no,,FFmpeg audio extraction/conversion is implemented.
avchd to flac,avchd-to-flac,avchd,flac,ffmpeg,yes,no,,FFmpeg audio extraction/conversion is implemented.
avchd to m4a,avchd-to-m4a,avchd,m4a,ffmpeg,yes,no,,FFmpeg audio extraction/conversion is implemented.
avchd to m4r,avchd-to-m4r,avchd,m4r,ffmpeg,yes,no,,FFmpeg audio extraction/conversion is implemented.
avchd to mp2,avchd-to-mp2,avchd,mp2,ffmpeg,yes,no,,FFmpeg audio extraction/conversion is implemented.
avchd to mp3,avchd-to-mp3,avchd,mp3,ffmpeg,yes,no,,FFmpeg audio extraction/conversion is implemented.
avchd to oga,avchd-to-oga,avchd,oga,ffmpeg,yes,no,,FFmpeg audio extraction/conversion is implemented.
avchd to ogg,avchd-to-ogg,avchd,ogg,ffmpeg,yes,no,,FFmpeg audio extraction/conversion is implemented.
avchd to opus,avchd-to-opus,avchd,opus,ffmpeg,yes,no,,FFmpeg audio extraction/conversion is implemented.
avchd to wav,avchd-to-wav,avchd,wav,ffmpeg,yes,no,,FFmpeg audio extraction/conversion is implemented.
avchd to wma,avchd-to-wma,avchd,wma,ffmpeg,yes,no,,FFmpeg audio extraction/conversion is implemented.
avi to aac,avi-to-aac,avi,aac,ffmpeg,yes,no,,FFmpeg audio extraction/conversion is implemented.
avi to aiff,avi-to-aiff,avi,aiff,ffmpeg,yes,no,,FFmpeg audio extraction/conversion is implemented.
avi to alac,avi-to-alac,avi,alac,ffmpeg,yes,no,,FFmpeg audio extraction/conversion is implemented.
avi to amr,avi-to-amr,avi,amr,ffmpeg,yes,no,,FFmpeg audio extraction/conversion is implemented.
avi to au,avi-to-au,avi,au,ffmpeg,yes,no,,FFmpeg audio extraction/conversion is implemented.
avi to caf,avi-to-caf,avi,caf,ffmpeg,yes,no,,FFmpeg audio extraction/conversion is implemented.
avi to cdda,avi-to-cdda,avi,cdda,ffmpeg,yes,no,,FFmpeg audio extraction/conversion is implemented.
avi to flac,avi-to-flac,avi,flac,ffmpeg,yes,no,,FFmpeg audio extraction/conversion is implemented.
avi to m4a,avi-to-m4a,avi,m4a,ffmpeg,yes,no,,FFmpeg audio extraction/conversion is implemented.
avi to m4r,avi-to-m4r,avi,m4r,ffmpeg,yes,no,,FFmpeg audio extraction/conversion is implemented.
avi to mp2,avi-to-mp2,avi,mp2,ffmpeg,yes,no,,FFmpeg audio extraction/conversion is implemented.
avi to oga,avi-to-oga,avi,oga,ffmpeg,yes,no,,FFmpeg audio extraction/conversion is implemented.
avi to ogg,avi-to-ogg,avi,ogg,ffmpeg,yes,no,,FFmpeg audio extraction/conversion is implemented.
avi to opus,avi-to-opus,avi,opus,ffmpeg,yes,no,,FFmpeg audio extraction/conversion is implemented.
avi to wma,avi-to-wma,avi,wma,ffmpeg,yes,no,,FFmpeg audio extraction/conversion is implemented.
divx to aac,divx-to-aac,divx,aac,ffmpeg,yes,no,,FFmpeg audio extraction/conversion is implemented.
divx to aiff,divx-to-aiff,divx,aiff,ffmpeg,yes,no,,FFmpeg audio extraction/conversion is implemented.
divx to alac,divx-to-alac,divx,alac,ffmpeg,yes,no,,FFmpeg audio extraction/conversion is implemented.
divx to amr,divx-to-amr,divx,amr,ffmpeg,yes,no,,FFmpeg audio extraction/conversion is implemented.
divx to au,divx-to-au,divx,au,ffmpeg,yes,no,,FFmpeg audio extraction/conversion is implemented.
divx to caf,divx-to-caf,divx,caf,ffmpeg,yes,no,,FFmpeg audio extraction/conversion is implemented.
divx to cdda,divx-to-cdda,divx,cdda,ffmpeg,yes,no,,FFmpeg audio extraction/conversion is implemented.
divx to flac,divx-to-flac,divx,flac,ffmpeg,yes,no,,FFmpeg audio extraction/conversion is implemented.
divx to m4a,divx-to-m4a,divx,m4a,ffmpeg,yes,no,,FFmpeg audio extraction/conversion is implemented.
divx to m4r,divx-to-m4r,divx,m4r,ffmpeg,yes,no,,FFmpeg audio extraction/conversion is implemented.
divx to mp2,divx-to-mp2,divx,mp2,ffmpeg,yes,no,,FFmpeg audio extraction/conversion is implemented.
divx to mp3,divx-to-mp3,divx,mp3,ffmpeg,yes,no,,FFmpeg audio extraction/conversion is implemented.
divx to oga,divx-to-oga,divx,oga,ffmpeg,yes,no,,FFmpeg audio extraction/conversion is implemented.
divx to ogg,divx-to-ogg,divx,ogg,ffmpeg,yes,no,,FFmpeg audio extraction/conversion is implemented.
divx to opus,divx-to-opus,divx,opus,ffmpeg,yes,no,,FFmpeg audio extraction/conversion is implemented.
divx to wav,divx-to-wav,divx,wav,ffmpeg,yes,no,,FFmpeg audio extraction/conversion is implemented.
divx to wma,divx-to-wma,divx,wma,ffmpeg,yes,no,,FFmpeg audio extraction/conversion is implemented.
doc to jpg,doc-to-jpg,doc,jpg,doc-convert,yes,yes,doc-render,No doc/ppt conversion pipeline in repo; needs server doc renderer (e.g. LibreOffice/unoconv) and image export.
docx to jpg,docx-to-jpg,docx,jpg,doc-convert,yes,yes,doc-render,No doc/ppt conversion pipeline in repo; needs server doc renderer (e.g. LibreOffice/unoconv) and image export.
docx to png,docx-to-png,docx,png,doc-convert,yes,yes,doc-render,No doc/ppt conversion pipeline in repo; needs server doc renderer (e.g. LibreOffice/unoconv) and image export.
dxf to svg,dxf-to-svg,dxf,svg,dxf-vector,yes,yes,dxf,No DXF conversion pipeline in repo; needs DXF parse/write/vectorization library.
f4v to aac,f4v-to-aac,f4v,aac,ffmpeg,yes,no,,FFmpeg audio extraction/conversion is implemented.
f4v to aiff,f4v-to-aiff,f4v,aiff,ffmpeg,yes,no,,FFmpeg audio extraction/conversion is implemented.
f4v to alac,f4v-to-alac,f4v,alac,ffmpeg,yes,no,,FFmpeg audio extraction/conversion is implemented.
f4v to amr,f4v-to-amr,f4v,amr,ffmpeg,yes,no,,FFmpeg audio extraction/conversion is implemented.
f4v to au,f4v-to-au,f4v,au,ffmpeg,yes,no,,FFmpeg audio extraction/conversion is implemented.
f4v to caf,f4v-to-caf,f4v,caf,ffmpeg,yes,no,,FFmpeg audio extraction/conversion is implemented.
f4v to cdda,f4v-to-cdda,f4v,cdda,ffmpeg,yes,no,,FFmpeg audio extraction/conversion is implemented.
f4v to flac,f4v-to-flac,f4v,flac,ffmpeg,yes,no,,FFmpeg audio extraction/conversion is implemented.
f4v to m4a,f4v-to-m4a,f4v,m4a,ffmpeg,yes,no,,FFmpeg audio extraction/conversion is implemented.
f4v to m4r,f4v-to-m4r,f4v,m4r,ffmpeg,yes,no,,FFmpeg audio extraction/conversion is implemented.
f4v to mp2,f4v-to-mp2,f4v,mp2,ffmpeg,yes,no,,FFmpeg audio extraction/conversion is implemented.
f4v to mp3,f4v-to-mp3,f4v,mp3,ffmpeg,yes,no,,FFmpeg audio extraction/conversion is implemented.
f4v to oga,f4v-to-oga,f4v,oga,ffmpeg,yes,no,,FFmpeg audio extraction/conversion is implemented.
f4v to ogg,f4v-to-ogg,f4v,ogg,ffmpeg,yes,no,,FFmpeg audio extraction/conversion is implemented.
f4v to opus,f4v-to-opus,f4v,opus,ffmpeg,yes,no,,FFmpeg audio extraction/conversion is implemented.
f4v to wav,f4v-to-wav,f4v,wav,ffmpeg,yes,no,,FFmpeg audio extraction/conversion is implemented.
f4v to wma,f4v-to-wma,f4v,wma,ffmpeg,yes,no,,FFmpeg audio extraction/conversion is implemented.
flv to aac,flv-to-aac,flv,aac,ffmpeg,yes,no,,FFmpeg audio extraction/conversion is implemented.
flv to aiff,flv-to-aiff,flv,aiff,ffmpeg,yes,no,,FFmpeg audio extraction/conversion is implemented.
flv to alac,flv-to-alac,flv,alac,ffmpeg,yes,no,,FFmpeg audio extraction/conversion is implemented.
flv to amr,flv-to-amr,flv,amr,ffmpeg,yes,no,,FFmpeg audio extraction/conversion is implemented.
flv to au,flv-to-au,flv,au,ffmpeg,yes,no,,FFmpeg audio extraction/conversion is implemented.
flv to caf,flv-to-caf,flv,caf,ffmpeg,yes,no,,FFmpeg audio extraction/conversion is implemented.
flv to cdda,flv-to-cdda,flv,cdda,ffmpeg,yes,no,,FFmpeg audio extraction/conversion is implemented.
flv to flac,flv-to-flac,flv,flac,ffmpeg,yes,no,,FFmpeg audio extraction/conversion is implemented.
flv to m4a,flv-to-m4a,flv,m4a,ffmpeg,yes,no,,FFmpeg audio extraction/conversion is implemented.
flv to m4r,flv-to-m4r,flv,m4r,ffmpeg,yes,no,,FFmpeg audio extraction/conversion is implemented.
flv to mp2,flv-to-mp2,flv,mp2,ffmpeg,yes,no,,FFmpeg audio extraction/conversion is implemented.
flv to oga,flv-to-oga,flv,oga,ffmpeg,yes,no,,FFmpeg audio extraction/conversion is implemented.
flv to ogg,flv-to-ogg,flv,ogg,ffmpeg,yes,no,,FFmpeg audio extraction/conversion is implemented.
flv to opus,flv-to-opus,flv,opus,ffmpeg,yes,no,,FFmpeg audio extraction/conversion is implemented.
flv to wav,flv-to-wav,flv,wav,ffmpeg,yes,no,,FFmpeg audio extraction/conversion is implemented.
flv to wma,flv-to-wma,flv,wma,ffmpeg,yes,no,,FFmpeg audio extraction/conversion is implemented.
hevc to aac,hevc-to-aac,hevc,aac,ffmpeg,yes,no,,FFmpeg audio extraction/conversion is implemented.
hevc to aiff,hevc-to-aiff,hevc,aiff,ffmpeg,yes,no,,FFmpeg audio extraction/conversion is implemented.
hevc to alac,hevc-to-alac,hevc,alac,ffmpeg,yes,no,,FFmpeg audio extraction/conversion is implemented.
hevc to amr,hevc-to-amr,hevc,amr,ffmpeg,yes,no,,FFmpeg audio extraction/conversion is implemented.
hevc to au,hevc-to-au,hevc,au,ffmpeg,yes,no,,FFmpeg audio extraction/conversion is implemented.
hevc to caf,hevc-to-caf,hevc,caf,ffmpeg,yes,no,,FFmpeg audio extraction/conversion is implemented.
hevc to cdda,hevc-to-cdda,hevc,cdda,ffmpeg,yes,no,,FFmpeg audio extraction/conversion is implemented.
hevc to flac,hevc-to-flac,hevc,flac,ffmpeg,yes,no,,FFmpeg audio extraction/conversion is implemented.
hevc to m4a,hevc-to-m4a,hevc,m4a,ffmpeg,yes,no,,FFmpeg audio extraction/conversion is implemented.
hevc to m4r,hevc-to-m4r,hevc,m4r,ffmpeg,yes,no,,FFmpeg audio extraction/conversion is implemented.
hevc to mp2,hevc-to-mp2,hevc,mp2,ffmpeg,yes,no,,FFmpeg audio extraction/conversion is implemented.
hevc to mp3,hevc-to-mp3,hevc,mp3,ffmpeg,yes,no,,FFmpeg audio extraction/conversion is implemented.
hevc to oga,hevc-to-oga,hevc,oga,ffmpeg,yes,no,,FFmpeg audio extraction/conversion is implemented.
hevc to ogg,hevc-to-ogg,hevc,ogg,ffmpeg,yes,no,,FFmpeg audio extraction/conversion is implemented.
hevc to opus,hevc-to-opus,hevc,opus,ffmpeg,yes,no,,FFmpeg audio extraction/conversion is implemented.
hevc to wav,hevc-to-wav,hevc,wav,ffmpeg,yes,no,,FFmpeg audio extraction/conversion is implemented.
hevc to wma,hevc-to-wma,hevc,wma,ffmpeg,yes,no,,FFmpeg audio extraction/conversion is implemented.
html to jpeg,html-to-jpeg,html,jpeg,table-convert,yes,yes,table-image-export,Table convert image output (png/jpeg) is not wired in apps/tools/components/table-convert/convert.ts.
html to jpg,html-to-jpg,html,jpg,table-convert,yes,yes,table-image-export,Table convert image output (png/jpeg) is not wired in apps/tools/components/table-convert/convert.ts.
html to png,html-to-png,html,png,table-convert,yes,yes,table-image-export,Table convert image output (png/jpeg) is not wired in apps/tools/components/table-convert/convert.ts.
jpg to dxf,jpg-to-dxf,jpg,dxf,dxf-vector,yes,no,dxf,No DXF conversion pipeline in repo; needs DXF parse/write/vectorization library.
jpg to text,jpg-to-text,jpg,text,ocr,yes,no,ocr,No OCR pipeline in repo; needs image-to-text OCR engine.
m2ts to aac,m2ts-to-aac,m2ts,aac,ffmpeg,yes,no,,FFmpeg audio extraction/conversion is implemented.
m2ts to aiff,m2ts-to-aiff,m2ts,aiff,ffmpeg,yes,no,,FFmpeg audio extraction/conversion is implemented.
m2ts to alac,m2ts-to-alac,m2ts,alac,ffmpeg,yes,no,,FFmpeg audio extraction/conversion is implemented.
m2ts to amr,m2ts-to-amr,m2ts,amr,ffmpeg,yes,no,,FFmpeg audio extraction/conversion is implemented.
m2ts to au,m2ts-to-au,m2ts,au,ffmpeg,yes,no,,FFmpeg audio extraction/conversion is implemented.
m2ts to caf,m2ts-to-caf,m2ts,caf,ffmpeg,yes,no,,FFmpeg audio extraction/conversion is implemented.
m2ts to cdda,m2ts-to-cdda,m2ts,cdda,ffmpeg,yes,no,,FFmpeg audio extraction/conversion is implemented.
m2ts to flac,m2ts-to-flac,m2ts,flac,ffmpeg,yes,no,,FFmpeg audio extraction/conversion is implemented.
m2ts to m4a,m2ts-to-m4a,m2ts,m4a,ffmpeg,yes,no,,FFmpeg audio extraction/conversion is implemented.
m2ts to m4r,m2ts-to-m4r,m2ts,m4r,ffmpeg,yes,no,,FFmpeg audio extraction/conversion is implemented.
m2ts to mp2,m2ts-to-mp2,m2ts,mp2,ffmpeg,yes,no,,FFmpeg audio extraction/conversion is implemented.
m2ts to mp3,m2ts-to-mp3,m2ts,mp3,ffmpeg,yes,no,,FFmpeg audio extraction/conversion is implemented.
m2ts to oga,m2ts-to-oga,m2ts,oga,ffmpeg,yes,no,,FFmpeg audio extraction/conversion is implemented.
m2ts to ogg,m2ts-to-ogg,m2ts,ogg,ffmpeg,yes,no,,FFmpeg audio extraction/conversion is implemented.
m2ts to opus,m2ts-to-opus,m2ts,opus,ffmpeg,yes,no,,FFmpeg audio extraction/conversion is implemented.
m2ts to wav,m2ts-to-wav,m2ts,wav,ffmpeg,yes,no,,FFmpeg audio extraction/conversion is implemented.
m2ts to wma,m2ts-to-wma,m2ts,wma,ffmpeg,yes,no,,FFmpeg audio extraction/conversion is implemented.
m4v to aac,m4v-to-aac,m4v,aac,ffmpeg,yes,no,,FFmpeg audio extraction/conversion is implemented.
m4v to aiff,m4v-to-aiff,m4v,aiff,ffmpeg,yes,no,,FFmpeg audio extraction/conversion is implemented.
m4v to alac,m4v-to-alac,m4v,alac,ffmpeg,yes,no,,FFmpeg audio extraction/conversion is implemented.
m4v to amr,m4v-to-amr,m4v,amr,ffmpeg,yes,no,,FFmpeg audio extraction/conversion is implemented.
m4v to au,m4v-to-au,m4v,au,ffmpeg,yes,no,,FFmpeg audio extraction/conversion is implemented.
m4v to caf,m4v-to-caf,m4v,caf,ffmpeg,yes,no,,FFmpeg audio extraction/conversion is implemented.
m4v to cdda,m4v-to-cdda,m4v,cdda,ffmpeg,yes,no,,FFmpeg audio extraction/conversion is implemented.
m4v to flac,m4v-to-flac,m4v,flac,ffmpeg,yes,no,,FFmpeg audio extraction/conversion is implemented.
m4v to m4a,m4v-to-m4a,m4v,m4a,ffmpeg,yes,no,,FFmpeg audio extraction/conversion is implemented.
m4v to m4r,m4v-to-m4r,m4v,m4r,ffmpeg,yes,no,,FFmpeg audio extraction/conversion is implemented.
m4v to mp2,m4v-to-mp2,m4v,mp2,ffmpeg,yes,no,,FFmpeg audio extraction/conversion is implemented.
m4v to oga,m4v-to-oga,m4v,oga,ffmpeg,yes,no,,FFmpeg audio extraction/conversion is implemented.
m4v to ogg,m4v-to-ogg,m4v,ogg,ffmpeg,yes,no,,FFmpeg audio extraction/conversion is implemented.
m4v to opus,m4v-to-opus,m4v,opus,ffmpeg,yes,no,,FFmpeg audio extraction/conversion is implemented.
m4v to wav,m4v-to-wav,m4v,wav,ffmpeg,yes,no,,FFmpeg audio extraction/conversion is implemented.
m4v to wma,m4v-to-wma,m4v,wma,ffmpeg,yes,no,,FFmpeg audio extraction/conversion is implemented.
mjpeg to aac,mjpeg-to-aac,mjpeg,aac,ffmpeg,yes,no,,FFmpeg audio extraction/conversion is implemented.
mjpeg to aiff,mjpeg-to-aiff,mjpeg,aiff,ffmpeg,yes,no,,FFmpeg audio extraction/conversion is implemented.
mjpeg to alac,mjpeg-to-alac,mjpeg,alac,ffmpeg,yes,no,,FFmpeg audio extraction/conversion is implemented.
mjpeg to amr,mjpeg-to-amr,mjpeg,amr,ffmpeg,yes,no,,FFmpeg audio extraction/conversion is implemented.
mjpeg to au,mjpeg-to-au,mjpeg,au,ffmpeg,yes,no,,FFmpeg audio extraction/conversion is implemented.
mjpeg to caf,mjpeg-to-caf,mjpeg,caf,ffmpeg,yes,no,,FFmpeg audio extraction/conversion is implemented.
mjpeg to cdda,mjpeg-to-cdda,mjpeg,cdda,ffmpeg,yes,no,,FFmpeg audio extraction/conversion is implemented.
mjpeg to flac,mjpeg-to-flac,mjpeg,flac,ffmpeg,yes,no,,FFmpeg audio extraction/conversion is implemented.
mjpeg to m4a,mjpeg-to-m4a,mjpeg,m4a,ffmpeg,yes,no,,FFmpeg audio extraction/conversion is implemented.
mjpeg to m4r,mjpeg-to-m4r,mjpeg,m4r,ffmpeg,yes,no,,FFmpeg audio extraction/conversion is implemented.
mjpeg to mp2,mjpeg-to-mp2,mjpeg,mp2,ffmpeg,yes,no,,FFmpeg audio extraction/conversion is implemented.
mjpeg to mp3,mjpeg-to-mp3,mjpeg,mp3,ffmpeg,yes,no,,FFmpeg audio extraction/conversion is implemented.
mjpeg to oga,mjpeg-to-oga,mjpeg,oga,ffmpeg,yes,no,,FFmpeg audio extraction/conversion is implemented.
mjpeg to ogg,mjpeg-to-ogg,mjpeg,ogg,ffmpeg,yes,no,,FFmpeg audio extraction/conversion is implemented.
mjpeg to opus,mjpeg-to-opus,mjpeg,opus,ffmpeg,yes,no,,FFmpeg audio extraction/conversion is implemented.
mjpeg to wav,mjpeg-to-wav,mjpeg,wav,ffmpeg,yes,no,,FFmpeg audio extraction/conversion is implemented.
mjpeg to wma,mjpeg-to-wma,mjpeg,wma,ffmpeg,yes,no,,FFmpeg audio extraction/conversion is implemented.
mkv to aac,mkv-to-aac,mkv,aac,ffmpeg,yes,no,,FFmpeg audio extraction/conversion is implemented.
mkv to aiff,mkv-to-aiff,mkv,aiff,ffmpeg,yes,no,,FFmpeg audio extraction/conversion is implemented.
mkv to alac,mkv-to-alac,mkv,alac,ffmpeg,yes,no,,FFmpeg audio extraction/conversion is implemented.
mkv to amr,mkv-to-amr,mkv,amr,ffmpeg,yes,no,,FFmpeg audio extraction/conversion is implemented.
mkv to au,mkv-to-au,mkv,au,ffmpeg,yes,no,,FFmpeg audio extraction/conversion is implemented.
mkv to caf,mkv-to-caf,mkv,caf,ffmpeg,yes,no,,FFmpeg audio extraction/conversion is implemented.
mkv to cdda,mkv-to-cdda,mkv,cdda,ffmpeg,yes,no,,FFmpeg audio extraction/conversion is implemented.
mkv to flac,mkv-to-flac,mkv,flac,ffmpeg,yes,no,,FFmpeg audio extraction/conversion is implemented.
mkv to m4a,mkv-to-m4a,mkv,m4a,ffmpeg,yes,no,,FFmpeg audio extraction/conversion is implemented.
mkv to m4r,mkv-to-m4r,mkv,m4r,ffmpeg,yes,no,,FFmpeg audio extraction/conversion is implemented.
mkv to mp2,mkv-to-mp2,mkv,mp2,ffmpeg,yes,no,,FFmpeg audio extraction/conversion is implemented.
mkv to oga,mkv-to-oga,mkv,oga,ffmpeg,yes,no,,FFmpeg audio extraction/conversion is implemented.
mkv to opus,mkv-to-opus,mkv,opus,ffmpeg,yes,no,,FFmpeg audio extraction/conversion is implemented.
mkv to wma,mkv-to-wma,mkv,wma,ffmpeg,yes,no,,FFmpeg audio extraction/conversion is implemented.
mov to aac,mov-to-aac,mov,aac,ffmpeg,yes,no,,FFmpeg audio extraction/conversion is implemented.
mov to aiff,mov-to-aiff,mov,aiff,ffmpeg,yes,no,,FFmpeg audio extraction/conversion is implemented.
mov to alac,mov-to-alac,mov,alac,ffmpeg,yes,no,,FFmpeg audio extraction/conversion is implemented.
mov to amr,mov-to-amr,mov,amr,ffmpeg,yes,no,,FFmpeg audio extraction/conversion is implemented.
mov to au,mov-to-au,mov,au,ffmpeg,yes,no,,FFmpeg audio extraction/conversion is implemented.
mov to caf,mov-to-caf,mov,caf,ffmpeg,yes,no,,FFmpeg audio extraction/conversion is implemented.
mov to cdda,mov-to-cdda,mov,cdda,ffmpeg,yes,no,,FFmpeg audio extraction/conversion is implemented.
mov to flac,mov-to-flac,mov,flac,ffmpeg,yes,no,,FFmpeg audio extraction/conversion is implemented.
mov to m4r,mov-to-m4r,mov,m4r,ffmpeg,yes,no,,FFmpeg audio extraction/conversion is implemented.
mov to mp2,mov-to-mp2,mov,mp2,ffmpeg,yes,no,,FFmpeg audio extraction/conversion is implemented.
mov to oga,mov-to-oga,mov,oga,ffmpeg,yes,no,,FFmpeg audio extraction/conversion is implemented.
mov to ogg,mov-to-ogg,mov,ogg,ffmpeg,yes,no,,FFmpeg audio extraction/conversion is implemented.
mov to opus,mov-to-opus,mov,opus,ffmpeg,yes,no,,FFmpeg audio extraction/conversion is implemented.
mov to wma,mov-to-wma,mov,wma,ffmpeg,yes,no,,FFmpeg audio extraction/conversion is implemented.
mp4 to alac,mp4-to-alac,mp4,alac,ffmpeg,yes,no,,FFmpeg audio extraction/conversion is implemented.
mp4 to au,mp4-to-au,mp4,au,ffmpeg,yes,no,,FFmpeg audio extraction/conversion is implemented.
mp4 to caf,mp4-to-caf,mp4,caf,ffmpeg,yes,no,,FFmpeg audio extraction/conversion is implemented.
mp4 to oga,mp4-to-oga,mp4,oga,ffmpeg,yes,no,,FFmpeg audio extraction/conversion is implemented.
mpeg to aac,mpeg-to-aac,mpeg,aac,ffmpeg,yes,no,,FFmpeg audio extraction/conversion is implemented.
mpeg to aiff,mpeg-to-aiff,mpeg,aiff,ffmpeg,yes,no,,FFmpeg audio extraction/conversion is implemented.
mpeg to alac,mpeg-to-alac,mpeg,alac,ffmpeg,yes,no,,FFmpeg audio extraction/conversion is implemented.
mpeg to amr,mpeg-to-amr,mpeg,amr,ffmpeg,yes,no,,FFmpeg audio extraction/conversion is implemented.
mpeg to au,mpeg-to-au,mpeg,au,ffmpeg,yes,no,,FFmpeg audio extraction/conversion is implemented.
mpeg to caf,mpeg-to-caf,mpeg,caf,ffmpeg,yes,no,,FFmpeg audio extraction/conversion is implemented.
mpeg to cdda,mpeg-to-cdda,mpeg,cdda,ffmpeg,yes,no,,FFmpeg audio extraction/conversion is implemented.
mpeg to flac,mpeg-to-flac,mpeg,flac,ffmpeg,yes,no,,FFmpeg audio extraction/conversion is implemented.
mpeg to m4a,mpeg-to-m4a,mpeg,m4a,ffmpeg,yes,no,,FFmpeg audio extraction/conversion is implemented.
mpeg to m4r,mpeg-to-m4r,mpeg,m4r,ffmpeg,yes,no,,FFmpeg audio extraction/conversion is implemented.
mpeg to mp2,mpeg-to-mp2,mpeg,mp2,ffmpeg,yes,no,,FFmpeg audio extraction/conversion is implemented.
mpeg to oga,mpeg-to-oga,mpeg,oga,ffmpeg,yes,no,,FFmpeg audio extraction/conversion is implemented.
mpeg to ogg,mpeg-to-ogg,mpeg,ogg,ffmpeg,yes,no,,FFmpeg audio extraction/conversion is implemented.
mpeg to opus,mpeg-to-opus,mpeg,opus,ffmpeg,yes,no,,FFmpeg audio extraction/conversion is implemented.
mpeg to wma,mpeg-to-wma,mpeg,wma,ffmpeg,yes,no,,FFmpeg audio extraction/conversion is implemented.
mpeg2 to aac,mpeg2-to-aac,mpeg2,aac,ffmpeg,yes,no,,FFmpeg audio extraction/conversion is implemented.
mpeg2 to aiff,mpeg2-to-aiff,mpeg2,aiff,ffmpeg,yes,no,,FFmpeg audio extraction/conversion is implemented.
mpeg2 to alac,mpeg2-to-alac,mpeg2,alac,ffmpeg,yes,no,,FFmpeg audio extraction/conversion is implemented.
mpeg2 to amr,mpeg2-to-amr,mpeg2,amr,ffmpeg,yes,no,,FFmpeg audio extraction/conversion is implemented.
mpeg2 to au,mpeg2-to-au,mpeg2,au,ffmpeg,yes,no,,FFmpeg audio extraction/conversion is implemented.
mpeg2 to caf,mpeg2-to-caf,mpeg2,caf,ffmpeg,yes,no,,FFmpeg audio extraction/conversion is implemented.
mpeg2 to cdda,mpeg2-to-cdda,mpeg2,cdda,ffmpeg,yes,no,,FFmpeg audio extraction/conversion is implemented.
mpeg2 to flac,mpeg2-to-flac,mpeg2,flac,ffmpeg,yes,no,,FFmpeg audio extraction/conversion is implemented.
mpeg2 to m4a,mpeg2-to-m4a,mpeg2,m4a,ffmpeg,yes,no,,FFmpeg audio extraction/conversion is implemented.
mpeg2 to m4r,mpeg2-to-m4r,mpeg2,m4r,ffmpeg,yes,no,,FFmpeg audio extraction/conversion is implemented.
mpeg2 to mp2,mpeg2-to-mp2,mpeg2,mp2,ffmpeg,yes,no,,FFmpeg audio extraction/conversion is implemented.
mpeg2 to oga,mpeg2-to-oga,mpeg2,oga,ffmpeg,yes,no,,FFmpeg audio extraction/conversion is implemented.
mpeg2 to ogg,mpeg2-to-ogg,mpeg2,ogg,ffmpeg,yes,no,,FFmpeg audio extraction/conversion is implemented.
mpeg2 to opus,mpeg2-to-opus,mpeg2,opus,ffmpeg,yes,no,,FFmpeg audio extraction/conversion is implemented.
mpeg2 to wma,mpeg2-to-wma,mpeg2,wma,ffmpeg,yes,no,,FFmpeg audio extraction/conversion is implemented.
mpg to aac,mpg-to-aac,mpg,aac,ffmpeg,yes,no,,FFmpeg audio extraction/conversion is implemented.
mpg to aiff,mpg-to-aiff,mpg,aiff,ffmpeg,yes,no,,FFmpeg audio extraction/conversion is implemented.
mpg to alac,mpg-to-alac,mpg,alac,ffmpeg,yes,no,,FFmpeg audio extraction/conversion is implemented.
mpg to amr,mpg-to-amr,mpg,amr,ffmpeg,yes,no,,FFmpeg audio extraction/conversion is implemented.
mpg to au,mpg-to-au,mpg,au,ffmpeg,yes,no,,FFmpeg audio extraction/conversion is implemented.
mpg to caf,mpg-to-caf,mpg,caf,ffmpeg,yes,no,,FFmpeg audio extraction/conversion is implemented.
mpg to cdda,mpg-to-cdda,mpg,cdda,ffmpeg,yes,no,,FFmpeg audio extraction/conversion is implemented.
mpg to flac,mpg-to-flac,mpg,flac,ffmpeg,yes,no,,FFmpeg audio extraction/conversion is implemented.
mpg to m4a,mpg-to-m4a,mpg,m4a,ffmpeg,yes,no,,FFmpeg audio extraction/conversion is implemented.
mpg to m4r,mpg-to-m4r,mpg,m4r,ffmpeg,yes,no,,FFmpeg audio extraction/conversion is implemented.
mpg to mp2,mpg-to-mp2,mpg,mp2,ffmpeg,yes,no,,FFmpeg audio extraction/conversion is implemented.
mpg to oga,mpg-to-oga,mpg,oga,ffmpeg,yes,no,,FFmpeg audio extraction/conversion is implemented.
mpg to ogg,mpg-to-ogg,mpg,ogg,ffmpeg,yes,no,,FFmpeg audio extraction/conversion is implemented.
mpg to opus,mpg-to-opus,mpg,opus,ffmpeg,yes,no,,FFmpeg audio extraction/conversion is implemented.
mpg to wav,mpg-to-wav,mpg,wav,ffmpeg,yes,no,,FFmpeg audio extraction/conversion is implemented.
mpg to wma,mpg-to-wma,mpg,wma,ffmpeg,yes,no,,FFmpeg audio extraction/conversion is implemented.
mts to aac,mts-to-aac,mts,aac,ffmpeg,yes,no,,FFmpeg audio extraction/conversion is implemented.
mts to aiff,mts-to-aiff,mts,aiff,ffmpeg,yes,no,,FFmpeg audio extraction/conversion is implemented.
mts to alac,mts-to-alac,mts,alac,ffmpeg,yes,no,,FFmpeg audio extraction/conversion is implemented.
mts to amr,mts-to-amr,mts,amr,ffmpeg,yes,no,,FFmpeg audio extraction/conversion is implemented.
mts to au,mts-to-au,mts,au,ffmpeg,yes,no,,FFmpeg audio extraction/conversion is implemented.
mts to caf,mts-to-caf,mts,caf,ffmpeg,yes,no,,FFmpeg audio extraction/conversion is implemented.
mts to cdda,mts-to-cdda,mts,cdda,ffmpeg,yes,no,,FFmpeg audio extraction/conversion is implemented.
mts to flac,mts-to-flac,mts,flac,ffmpeg,yes,no,,FFmpeg audio extraction/conversion is implemented.
mts to m4a,mts-to-m4a,mts,m4a,ffmpeg,yes,no,,FFmpeg audio extraction/conversion is implemented.
mts to m4r,mts-to-m4r,mts,m4r,ffmpeg,yes,no,,FFmpeg audio extraction/conversion is implemented.
mts to mp2,mts-to-mp2,mts,mp2,ffmpeg,yes,no,,FFmpeg audio extraction/conversion is implemented.
mts to mp3,mts-to-mp3,mts,mp3,ffmpeg,yes,no,,FFmpeg audio extraction/conversion is implemented.
mts to oga,mts-to-oga,mts,oga,ffmpeg,yes,no,,FFmpeg audio extraction/conversion is implemented.
mts to ogg,mts-to-ogg,mts,ogg,ffmpeg,yes,no,,FFmpeg audio extraction/conversion is implemented.
mts to opus,mts-to-opus,mts,opus,ffmpeg,yes,no,,FFmpeg audio extraction/conversion is implemented.
mts to wav,mts-to-wav,mts,wav,ffmpeg,yes,no,,FFmpeg audio extraction/conversion is implemented.
mts to wma,mts-to-wma,mts,wma,ffmpeg,yes,no,,FFmpeg audio extraction/conversion is implemented.
mxf to aac,mxf-to-aac,mxf,aac,ffmpeg,yes,no,,FFmpeg audio extraction/conversion is implemented.
mxf to aiff,mxf-to-aiff,mxf,aiff,ffmpeg,yes,no,,FFmpeg audio extraction/conversion is implemented.
mxf to alac,mxf-to-alac,mxf,alac,ffmpeg,yes,no,,FFmpeg audio extraction/conversion is implemented.
mxf to amr,mxf-to-amr,mxf,amr,ffmpeg,yes,no,,FFmpeg audio extraction/conversion is implemented.
mxf to au,mxf-to-au,mxf,au,ffmpeg,yes,no,,FFmpeg audio extraction/conversion is implemented.
mxf to caf,mxf-to-caf,mxf,caf,ffmpeg,yes,no,,FFmpeg audio extraction/conversion is implemented.
mxf to cdda,mxf-to-cdda,mxf,cdda,ffmpeg,yes,no,,FFmpeg audio extraction/conversion is implemented.
mxf to flac,mxf-to-flac,mxf,flac,ffmpeg,yes,no,,FFmpeg audio extraction/conversion is implemented.
mxf to m4a,mxf-to-m4a,mxf,m4a,ffmpeg,yes,no,,FFmpeg audio extraction/conversion is implemented.
mxf to m4r,mxf-to-m4r,mxf,m4r,ffmpeg,yes,no,,FFmpeg audio extraction/conversion is implemented.
mxf to mp2,mxf-to-mp2,mxf,mp2,ffmpeg,yes,no,,FFmpeg audio extraction/conversion is implemented.
mxf to mp3,mxf-to-mp3,mxf,mp3,ffmpeg,yes,no,,FFmpeg audio extraction/conversion is implemented.
mxf to oga,mxf-to-oga,mxf,oga,ffmpeg,yes,no,,FFmpeg audio extraction/conversion is implemented.
mxf to ogg,mxf-to-ogg,mxf,ogg,ffmpeg,yes,no,,FFmpeg audio extraction/conversion is implemented.
mxf to opus,mxf-to-opus,mxf,opus,ffmpeg,yes,no,,FFmpeg audio extraction/conversion is implemented.
mxf to wav,mxf-to-wav,mxf,wav,ffmpeg,yes,no,,FFmpeg audio extraction/conversion is implemented.
mxf to wma,mxf-to-wma,mxf,wma,ffmpeg,yes,no,,FFmpeg audio extraction/conversion is implemented.
ogv to aac,ogv-to-aac,ogv,aac,ffmpeg,yes,no,,FFmpeg audio extraction/conversion is implemented.
ogv to aiff,ogv-to-aiff,ogv,aiff,ffmpeg,yes,no,,FFmpeg audio extraction/conversion is implemented.
ogv to alac,ogv-to-alac,ogv,alac,ffmpeg,yes,no,,FFmpeg audio extraction/conversion is implemented.
ogv to amr,ogv-to-amr,ogv,amr,ffmpeg,yes,no,,FFmpeg audio extraction/conversion is implemented.
ogv to au,ogv-to-au,ogv,au,ffmpeg,yes,no,,FFmpeg audio extraction/conversion is implemented.
ogv to caf,ogv-to-caf,ogv,caf,ffmpeg,yes,no,,FFmpeg audio extraction/conversion is implemented.
ogv to cdda,ogv-to-cdda,ogv,cdda,ffmpeg,yes,no,,FFmpeg audio extraction/conversion is implemented.
ogv to flac,ogv-to-flac,ogv,flac,ffmpeg,yes,no,,FFmpeg audio extraction/conversion is implemented.
ogv to m4a,ogv-to-m4a,ogv,m4a,ffmpeg,yes,no,,FFmpeg audio extraction/conversion is implemented.
ogv to m4r,ogv-to-m4r,ogv,m4r,ffmpeg,yes,no,,FFmpeg audio extraction/conversion is implemented.
ogv to mp2,ogv-to-mp2,ogv,mp2,ffmpeg,yes,no,,FFmpeg audio extraction/conversion is implemented.
ogv to oga,ogv-to-oga,ogv,oga,ffmpeg,yes,no,,FFmpeg audio extraction/conversion is implemented.
ogv to ogg,ogv-to-ogg,ogv,ogg,ffmpeg,yes,no,,FFmpeg audio extraction/conversion is implemented.
ogv to opus,ogv-to-opus,ogv,opus,ffmpeg,yes,no,,FFmpeg audio extraction/conversion is implemented.
ogv to wav,ogv-to-wav,ogv,wav,ffmpeg,yes,no,,FFmpeg audio extraction/conversion is implemented.
ogv to wma,ogv-to-wma,ogv,wma,ffmpeg,yes,no,,FFmpeg audio extraction/conversion is implemented.
png to dxf,png-to-dxf,png,dxf,dxf-vector,yes,no,dxf,No DXF conversion pipeline in repo; needs DXF parse/write/vectorization library.
png to text,png-to-text,png,text,ocr,yes,no,ocr,No OCR pipeline in repo; needs image-to-text OCR engine.
png to word,png-to-word,png,word,doc-convert,yes,no,doc-render,No doc/ppt conversion pipeline in repo; needs server doc renderer (e.g. LibreOffice/unoconv) and image export.
ppt to jpg,ppt-to-jpg,ppt,jpg,doc-convert,yes,yes,doc-render,No doc/ppt conversion pipeline in repo; needs server doc renderer (e.g. LibreOffice/unoconv) and image export.
rm to 3gp,rm-to-3gp,rm,3gp,ffmpeg,yes,no,,FFmpeg conversion pipeline is implemented.
rm to aac,rm-to-aac,rm,aac,ffmpeg,yes,no,,FFmpeg audio extraction/conversion is implemented.
rm to aiff,rm-to-aiff,rm,aiff,ffmpeg,yes,no,,FFmpeg audio extraction/conversion is implemented.
rm to alac,rm-to-alac,rm,alac,ffmpeg,yes,no,,FFmpeg audio extraction/conversion is implemented.
rm to amr,rm-to-amr,rm,amr,ffmpeg,yes,no,,FFmpeg audio extraction/conversion is implemented.
rm to asf,rm-to-asf,rm,asf,ffmpeg,yes,no,,FFmpeg conversion pipeline is implemented.
rm to au,rm-to-au,rm,au,ffmpeg,yes,no,,FFmpeg audio extraction/conversion is implemented.
rm to av1,rm-to-av1,rm,av1,ffmpeg,yes,no,,FFmpeg conversion pipeline is implemented.
rm to avchd,rm-to-avchd,rm,avchd,ffmpeg,yes,no,,FFmpeg conversion pipeline is implemented.
rm to avi,rm-to-avi,rm,avi,ffmpeg,yes,no,,FFmpeg conversion pipeline is implemented.
rm to caf,rm-to-caf,rm,caf,ffmpeg,yes,no,,FFmpeg audio extraction/conversion is implemented.
rm to cdda,rm-to-cdda,rm,cdda,ffmpeg,yes,no,,FFmpeg audio extraction/conversion is implemented.
rm to divx,rm-to-divx,rm,divx,ffmpeg,yes,no,,FFmpeg conversion pipeline is implemented.
rm to f4v,rm-to-f4v,rm,f4v,ffmpeg,yes,no,,FFmpeg conversion pipeline is implemented.
rm to flac,rm-to-flac,rm,flac,ffmpeg,yes,no,,FFmpeg audio extraction/conversion is implemented.
rm to flv,rm-to-flv,rm,flv,ffmpeg,yes,no,,FFmpeg conversion pipeline is implemented.
rm to gif,rm-to-gif,rm,gif,ffmpeg,yes,no,,FFmpeg conversion pipeline is implemented.
rm to hevc,rm-to-hevc,rm,hevc,ffmpeg,yes,no,,FFmpeg conversion pipeline is implemented.
rm to m2ts,rm-to-m2ts,rm,m2ts,ffmpeg,yes,no,,FFmpeg conversion pipeline is implemented.
rm to m4a,rm-to-m4a,rm,m4a,ffmpeg,yes,no,,FFmpeg audio extraction/conversion is implemented.
rm to m4r,rm-to-m4r,rm,m4r,ffmpeg,yes,no,,FFmpeg audio extraction/conversion is implemented.
rm to m4v,rm-to-m4v,rm,m4v,ffmpeg,yes,no,,FFmpeg conversion pipeline is implemented.
rm to mjpeg,rm-to-mjpeg,rm,mjpeg,ffmpeg,yes,no,,FFmpeg conversion pipeline is implemented.
rm to mkv,rm-to-mkv,rm,mkv,ffmpeg,yes,no,,FFmpeg conversion pipeline is implemented.
rm to mov,rm-to-mov,rm,mov,ffmpeg,yes,no,,FFmpeg conversion pipeline is implemented.
rm to mp2,rm-to-mp2,rm,mp2,ffmpeg,yes,no,,FFmpeg audio extraction/conversion is implemented.
rm to mpeg,rm-to-mpeg,rm,mpeg,ffmpeg,yes,no,,FFmpeg conversion pipeline is implemented.
rm to mpeg2,rm-to-mpeg2,rm,mpeg2,ffmpeg,yes,no,,FFmpeg conversion pipeline is implemented.
rm to mpg,rm-to-mpg,rm,mpg,ffmpeg,yes,no,,FFmpeg conversion pipeline is implemented.
rm to mts,rm-to-mts,rm,mts,ffmpeg,yes,no,,FFmpeg conversion pipeline is implemented.
rm to mxf,rm-to-mxf,rm,mxf,ffmpeg,yes,no,,FFmpeg conversion pipeline is implemented. Output requires server video API (server-only format).
rm to oga,rm-to-oga,rm,oga,ffmpeg,yes,no,,FFmpeg audio extraction/conversion is implemented.
rm to ogg,rm-to-ogg,rm,ogg,ffmpeg,yes,no,,FFmpeg audio extraction/conversion is implemented.
rm to opus,rm-to-opus,rm,opus,ffmpeg,yes,no,,FFmpeg audio extraction/conversion is implemented.
rm to rmvb,rm-to-rmvb,rm,rmvb,ffmpeg,yes,no,,FFmpeg conversion pipeline is implemented. Output requires server video API (server-only format).
rm to ts,rm-to-ts,rm,ts,ffmpeg,yes,no,,FFmpeg conversion pipeline is implemented.
rm to vob,rm-to-vob,rm,vob,ffmpeg,yes,no,,FFmpeg conversion pipeline is implemented.
rm to wav,rm-to-wav,rm,wav,ffmpeg,yes,no,,FFmpeg audio extraction/conversion is implemented.
rm to webm,rm-to-webm,rm,webm,ffmpeg,yes,no,,FFmpeg conversion pipeline is implemented.
rm to wma,rm-to-wma,rm,wma,ffmpeg,yes,no,,FFmpeg audio extraction/conversion is implemented.
rmvb to 3gp,rmvb-to-3gp,rmvb,3gp,ffmpeg,yes,no,,FFmpeg conversion pipeline is implemented.
rmvb to aac,rmvb-to-aac,rmvb,aac,ffmpeg,yes,no,,FFmpeg audio extraction/conversion is implemented.
rmvb to aiff,rmvb-to-aiff,rmvb,aiff,ffmpeg,yes,no,,FFmpeg audio extraction/conversion is implemented.
rmvb to alac,rmvb-to-alac,rmvb,alac,ffmpeg,yes,no,,FFmpeg audio extraction/conversion is implemented.
rmvb to amr,rmvb-to-amr,rmvb,amr,ffmpeg,yes,no,,FFmpeg audio extraction/conversion is implemented.
rmvb to asf,rmvb-to-asf,rmvb,asf,ffmpeg,yes,no,,FFmpeg conversion pipeline is implemented.
rmvb to au,rmvb-to-au,rmvb,au,ffmpeg,yes,no,,FFmpeg audio extraction/conversion is implemented.
rmvb to av1,rmvb-to-av1,rmvb,av1,ffmpeg,yes,no,,FFmpeg conversion pipeline is implemented.
rmvb to avchd,rmvb-to-avchd,rmvb,avchd,ffmpeg,yes,no,,FFmpeg conversion pipeline is implemented.
rmvb to avi,rmvb-to-avi,rmvb,avi,ffmpeg,yes,no,,FFmpeg conversion pipeline is implemented.
rmvb to caf,rmvb-to-caf,rmvb,caf,ffmpeg,yes,no,,FFmpeg audio extraction/conversion is implemented.
rmvb to cdda,rmvb-to-cdda,rmvb,cdda,ffmpeg,yes,no,,FFmpeg audio extraction/conversion is implemented.
rmvb to divx,rmvb-to-divx,rmvb,divx,ffmpeg,yes,no,,FFmpeg conversion pipeline is implemented.
rmvb to f4v,rmvb-to-f4v,rmvb,f4v,ffmpeg,yes,no,,FFmpeg conversion pipeline is implemented.
rmvb to flac,rmvb-to-flac,rmvb,flac,ffmpeg,yes,no,,FFmpeg audio extraction/conversion is implemented.
rmvb to flv,rmvb-to-flv,rmvb,flv,ffmpeg,yes,no,,FFmpeg conversion pipeline is implemented.
rmvb to gif,rmvb-to-gif,rmvb,gif,ffmpeg,yes,no,,FFmpeg conversion pipeline is implemented.
rmvb to hevc,rmvb-to-hevc,rmvb,hevc,ffmpeg,yes,no,,FFmpeg conversion pipeline is implemented.
rmvb to m2ts,rmvb-to-m2ts,rmvb,m2ts,ffmpeg,yes,no,,FFmpeg conversion pipeline is implemented.
rmvb to m4a,rmvb-to-m4a,rmvb,m4a,ffmpeg,yes,no,,FFmpeg audio extraction/conversion is implemented.
rmvb to m4r,rmvb-to-m4r,rmvb,m4r,ffmpeg,yes,no,,FFmpeg audio extraction/conversion is implemented.
rmvb to m4v,rmvb-to-m4v,rmvb,m4v,ffmpeg,yes,no,,FFmpeg conversion pipeline is implemented.
rmvb to mjpeg,rmvb-to-mjpeg,rmvb,mjpeg,ffmpeg,yes,no,,FFmpeg conversion pipeline is implemented.
rmvb to mkv,rmvb-to-mkv,rmvb,mkv,ffmpeg,yes,no,,FFmpeg conversion pipeline is implemented.
rmvb to mov,rmvb-to-mov,rmvb,mov,ffmpeg,yes,no,,FFmpeg conversion pipeline is implemented.
rmvb to mp2,rmvb-to-mp2,rmvb,mp2,ffmpeg,yes,no,,FFmpeg audio extraction/conversion is implemented.
rmvb to mp3,rmvb-to-mp3,rmvb,mp3,ffmpeg,yes,no,,FFmpeg audio extraction/conversion is implemented.
rmvb to mpeg,rmvb-to-mpeg,rmvb,mpeg,ffmpeg,yes,no,,FFmpeg conversion pipeline is implemented.
rmvb to mpeg2,rmvb-to-mpeg2,rmvb,mpeg2,ffmpeg,yes,no,,FFmpeg conversion pipeline is implemented.
rmvb to mpg,rmvb-to-mpg,rmvb,mpg,ffmpeg,yes,no,,FFmpeg conversion pipeline is implemented.
rmvb to mts,rmvb-to-mts,rmvb,mts,ffmpeg,yes,no,,FFmpeg conversion pipeline is implemented.
rmvb to mxf,rmvb-to-mxf,rmvb,mxf,ffmpeg,yes,no,,FFmpeg conversion pipeline is implemented. Output requires server video API (server-only format).
rmvb to oga,rmvb-to-oga,rmvb,oga,ffmpeg,yes,no,,FFmpeg audio extraction/conversion is implemented.
rmvb to ogg,rmvb-to-ogg,rmvb,ogg,ffmpeg,yes,no,,FFmpeg audio extraction/conversion is implemented.
rmvb to opus,rmvb-to-opus,rmvb,opus,ffmpeg,yes,no,,FFmpeg audio extraction/conversion is implemented.
rmvb to rm,rmvb-to-rm,rmvb,rm,ffmpeg,yes,no,,FFmpeg conversion pipeline is implemented. Output requires server video API (server-only format).
rmvb to ts,rmvb-to-ts,rmvb,ts,ffmpeg,yes,no,,FFmpeg conversion pipeline is implemented.
rmvb to vob,rmvb-to-vob,rmvb,vob,ffmpeg,yes,no,,FFmpeg conversion pipeline is implemented.
rmvb to wav,rmvb-to-wav,rmvb,wav,ffmpeg,yes,no,,FFmpeg audio extraction/conversion is implemented.
rmvb to webm,rmvb-to-webm,rmvb,webm,ffmpeg,yes,no,,FFmpeg conversion pipeline is implemented.
rmvb to wma,rmvb-to-wma,rmvb,wma,ffmpeg,yes,no,,FFmpeg audio extraction/conversion is implemented.
svg to dxf,svg-to-dxf,svg,dxf,dxf-vector,yes,no,dxf,No DXF conversion pipeline in repo; needs DXF parse/write/vectorization library.
swf to aac,swf-to-aac,swf,aac,ffmpeg,yes,no,,FFmpeg audio extraction/conversion is implemented.
swf to aiff,swf-to-aiff,swf,aiff,ffmpeg,yes,no,,FFmpeg audio extraction/conversion is implemented.
swf to alac,swf-to-alac,swf,alac,ffmpeg,yes,no,,FFmpeg audio extraction/conversion is implemented.
swf to amr,swf-to-amr,swf,amr,ffmpeg,yes,no,,FFmpeg audio extraction/conversion is implemented.
swf to au,swf-to-au,swf,au,ffmpeg,yes,no,,FFmpeg audio extraction/conversion is implemented.
swf to caf,swf-to-caf,swf,caf,ffmpeg,yes,no,,FFmpeg audio extraction/conversion is implemented.
swf to cdda,swf-to-cdda,swf,cdda,ffmpeg,yes,no,,FFmpeg audio extraction/conversion is implemented.
swf to flac,swf-to-flac,swf,flac,ffmpeg,yes,no,,FFmpeg audio extraction/conversion is implemented.
swf to m4a,swf-to-m4a,swf,m4a,ffmpeg,yes,no,,FFmpeg audio extraction/conversion is implemented.
swf to m4r,swf-to-m4r,swf,m4r,ffmpeg,yes,no,,FFmpeg audio extraction/conversion is implemented.
swf to mp2,swf-to-mp2,swf,mp2,ffmpeg,yes,no,,FFmpeg audio extraction/conversion is implemented.
swf to mp3,swf-to-mp3,swf,mp3,ffmpeg,yes,no,,FFmpeg audio extraction/conversion is implemented.
swf to oga,swf-to-oga,swf,oga,ffmpeg,yes,no,,FFmpeg audio extraction/conversion is implemented.
swf to ogg,swf-to-ogg,swf,ogg,ffmpeg,yes,no,,FFmpeg audio extraction/conversion is implemented.
swf to opus,swf-to-opus,swf,opus,ffmpeg,yes,no,,FFmpeg audio extraction/conversion is implemented.
swf to wav,swf-to-wav,swf,wav,ffmpeg,yes,no,,FFmpeg audio extraction/conversion is implemented.
swf to wma,swf-to-wma,swf,wma,ffmpeg,yes,no,,FFmpeg audio extraction/conversion is implemented.
ts to aac,ts-to-aac,ts,aac,ffmpeg,yes,no,,FFmpeg audio extraction/conversion is implemented.
ts to aiff,ts-to-aiff,ts,aiff,ffmpeg,yes,no,,FFmpeg audio extraction/conversion is implemented.
ts to alac,ts-to-alac,ts,alac,ffmpeg,yes,no,,FFmpeg audio extraction/conversion is implemented.
ts to amr,ts-to-amr,ts,amr,ffmpeg,yes,no,,FFmpeg audio extraction/conversion is implemented.
ts to au,ts-to-au,ts,au,ffmpeg,yes,no,,FFmpeg audio extraction/conversion is implemented.
ts to caf,ts-to-caf,ts,caf,ffmpeg,yes,no,,FFmpeg audio extraction/conversion is implemented.
ts to cdda,ts-to-cdda,ts,cdda,ffmpeg,yes,no,,FFmpeg audio extraction/conversion is implemented.
ts to flac,ts-to-flac,ts,flac,ffmpeg,yes,no,,FFmpeg audio extraction/conversion is implemented.
ts to m4a,ts-to-m4a,ts,m4a,ffmpeg,yes,no,,FFmpeg audio extraction/conversion is implemented.
ts to m4r,ts-to-m4r,ts,m4r,ffmpeg,yes,no,,FFmpeg audio extraction/conversion is implemented.
ts to mp2,ts-to-mp2,ts,mp2,ffmpeg,yes,no,,FFmpeg audio extraction/conversion is implemented.
ts to mp3,ts-to-mp3,ts,mp3,ffmpeg,yes,no,,FFmpeg audio extraction/conversion is implemented.
ts to oga,ts-to-oga,ts,oga,ffmpeg,yes,no,,FFmpeg audio extraction/conversion is implemented.
ts to ogg,ts-to-ogg,ts,ogg,ffmpeg,yes,no,,FFmpeg audio extraction/conversion is implemented.
ts to opus,ts-to-opus,ts,opus,ffmpeg,yes,no,,FFmpeg audio extraction/conversion is implemented.
ts to wav,ts-to-wav,ts,wav,ffmpeg,yes,no,,FFmpeg audio extraction/conversion is implemented.
ts to wma,ts-to-wma,ts,wma,ffmpeg,yes,no,,FFmpeg audio extraction/conversion is implemented.
vob to aac,vob-to-aac,vob,aac,ffmpeg,yes,no,,FFmpeg audio extraction/conversion is implemented.
vob to aiff,vob-to-aiff,vob,aiff,ffmpeg,yes,no,,FFmpeg audio extraction/conversion is implemented.
vob to alac,vob-to-alac,vob,alac,ffmpeg,yes,no,,FFmpeg audio extraction/conversion is implemented.
vob to amr,vob-to-amr,vob,amr,ffmpeg,yes,no,,FFmpeg audio extraction/conversion is implemented.
vob to au,vob-to-au,vob,au,ffmpeg,yes,no,,FFmpeg audio extraction/conversion is implemented.
vob to caf,vob-to-caf,vob,caf,ffmpeg,yes,no,,FFmpeg audio extraction/conversion is implemented.
vob to cdda,vob-to-cdda,vob,cdda,ffmpeg,yes,no,,FFmpeg audio extraction/conversion is implemented.
vob to flac,vob-to-flac,vob,flac,ffmpeg,yes,no,,FFmpeg audio extraction/conversion is implemented.
vob to m4a,vob-to-m4a,vob,m4a,ffmpeg,yes,no,,FFmpeg audio extraction/conversion is implemented.
vob to m4r,vob-to-m4r,vob,m4r,ffmpeg,yes,no,,FFmpeg audio extraction/conversion is implemented.
vob to mp2,vob-to-mp2,vob,mp2,ffmpeg,yes,no,,FFmpeg audio extraction/conversion is implemented.
vob to oga,vob-to-oga,vob,oga,ffmpeg,yes,no,,FFmpeg audio extraction/conversion is implemented.
vob to ogg,vob-to-ogg,vob,ogg,ffmpeg,yes,no,,FFmpeg audio extraction/conversion is implemented.
vob to opus,vob-to-opus,vob,opus,ffmpeg,yes,no,,FFmpeg audio extraction/conversion is implemented.
vob to wav,vob-to-wav,vob,wav,ffmpeg,yes,no,,FFmpeg audio extraction/conversion is implemented.
vob to wma,vob-to-wma,vob,wma,ffmpeg,yes,no,,FFmpeg audio extraction/conversion is implemented.
webm to aac,webm-to-aac,webm,aac,ffmpeg,yes,no,,FFmpeg audio extraction/conversion is implemented.
webm to aiff,webm-to-aiff,webm,aiff,ffmpeg,yes,no,,FFmpeg audio extraction/conversion is implemented.
webm to alac,webm-to-alac,webm,alac,ffmpeg,yes,no,,FFmpeg audio extraction/conversion is implemented.
webm to amr,webm-to-amr,webm,amr,ffmpeg,yes,no,,FFmpeg audio extraction/conversion is implemented.
webm to au,webm-to-au,webm,au,ffmpeg,yes,no,,FFmpeg audio extraction/conversion is implemented.
webm to caf,webm-to-caf,webm,caf,ffmpeg,yes,no,,FFmpeg audio extraction/conversion is implemented.
webm to cdda,webm-to-cdda,webm,cdda,ffmpeg,yes,no,,FFmpeg audio extraction/conversion is implemented.
webm to flac,webm-to-flac,webm,flac,ffmpeg,yes,no,,FFmpeg audio extraction/conversion is implemented.
webm to m4a,webm-to-m4a,webm,m4a,ffmpeg,yes,no,,FFmpeg audio extraction/conversion is implemented.
webm to m4r,webm-to-m4r,webm,m4r,ffmpeg,yes,no,,FFmpeg audio extraction/conversion is implemented.
webm to mp2,webm-to-mp2,webm,mp2,ffmpeg,yes,no,,FFmpeg audio extraction/conversion is implemented.
webm to oga,webm-to-oga,webm,oga,ffmpeg,yes,no,,FFmpeg audio extraction/conversion is implemented.
webm to ogg,webm-to-ogg,webm,ogg,ffmpeg,yes,no,,FFmpeg audio extraction/conversion is implemented.
webm to opus,webm-to-opus,webm,opus,ffmpeg,yes,no,,FFmpeg audio extraction/conversion is implemented.
webm to wma,webm-to-wma,webm,wma,ffmpeg,yes,no,,FFmpeg audio extraction/conversion is implemented.
webpage to jpg,webpage-to-jpg,webpage,jpg,webpage-screenshot,yes,yes,screenshot,No webpage-to-image pipeline in repo; needs server screenshot/render (e.g. Playwright/Puppeteer) + URL handling.
wmv to aac,wmv-to-aac,wmv,aac,ffmpeg,yes,no,,FFmpeg audio extraction/conversion is implemented.
wmv to aiff,wmv-to-aiff,wmv,aiff,ffmpeg,yes,no,,FFmpeg audio extraction/conversion is implemented.
wmv to alac,wmv-to-alac,wmv,alac,ffmpeg,yes,no,,FFmpeg audio extraction/conversion is implemented.
wmv to amr,wmv-to-amr,wmv,amr,ffmpeg,yes,no,,FFmpeg audio extraction/conversion is implemented.
wmv to au,wmv-to-au,wmv,au,ffmpeg,yes,no,,FFmpeg audio extraction/conversion is implemented.
wmv to caf,wmv-to-caf,wmv,caf,ffmpeg,yes,no,,FFmpeg audio extraction/conversion is implemented.
wmv to cdda,wmv-to-cdda,wmv,cdda,ffmpeg,yes,no,,FFmpeg audio extraction/conversion is implemented.
wmv to flac,wmv-to-flac,wmv,flac,ffmpeg,yes,no,,FFmpeg audio extraction/conversion is implemented.
wmv to m4a,wmv-to-m4a,wmv,m4a,ffmpeg,yes,no,,FFmpeg audio extraction/conversion is implemented.
wmv to m4r,wmv-to-m4r,wmv,m4r,ffmpeg,yes,no,,FFmpeg audio extraction/conversion is implemented.
wmv to mp2,wmv-to-mp2,wmv,mp2,ffmpeg,yes,no,,FFmpeg audio extraction/conversion is implemented.
wmv to oga,wmv-to-oga,wmv,oga,ffmpeg,yes,no,,FFmpeg audio extraction/conversion is implemented.
wmv to ogg,wmv-to-ogg,wmv,ogg,ffmpeg,yes,no,,FFmpeg audio extraction/conversion is implemented.
wmv to opus,wmv-to-opus,wmv,opus,ffmpeg,yes,no,,FFmpeg audio extraction/conversion is implemented.
wmv to wav,wmv-to-wav,wmv,wav,ffmpeg,yes,no,,FFmpeg audio extraction/conversion is implemented.
wmv to wma,wmv-to-wma,wmv,wma,ffmpeg,yes,no,,FFmpeg audio extraction/conversion is implemented.
word to jpeg,word-to-jpeg,word,jpeg,doc-convert,yes,yes,doc-render,No doc/ppt conversion pipeline in repo; needs server doc renderer (e.g. LibreOffice/unoconv) and image export.
word to jpg,word-to-jpg,word,jpg,doc-convert,yes,yes,doc-render,No doc/ppt conversion pipeline in repo; needs server doc renderer (e.g. LibreOffice/unoconv) and image export.
